Nombre y Apellido,Educación,Tipo de Cuenta Bancaria,Situación Laboral,Inicio de Cuenta,Cantidad Ahorrado,Créditos Obtenidos
Palmira de Nebot,Medio,Ahorro,Cesante,2023-04-15,5920879,4
Débora Chus Alcalá Patiño,Medio,Ahorro,Independiente,2021-04-28,4845047,1
José Miralles-Tapia,Universitario,Ahorro,Dependiente,2022-06-27,11953678,4
Arcelia Cabrera Cornejo,Medio,Vista,Cesante,2023-02-06,177587,4
Leoncio Agullo Nogueira,Universitario,Vista,Cesante,2022-01-17,6436077,3
Pepe Nicolás Escrivá,Medio,Vista,Independiente,2022-01-23,5771613,3
Domitila Varela Jerez,Medio,Corriente,Cesante,2023-01-25,5530847,4
Felix Jordá Sans,Universitario,Vista,Dependiente,2024-07-27,5113669,2
Fernanda Aguilera Quevedo,Incompleto,Corriente,Independiente,2023-09-13,8843242,4
Luis Ángel Expósito Ortuño,Incompleto,Ahorro,Cesante,2021-11-06,10529532,1
Valentina Jaume Carvajal,Medio,Corriente,Cesante,2022-05-31,3413185,2
Dolores Llabrés Naranjo,Medio,Corriente,Cesante,2022-09-10,2683022,2
Valerio Bello Llorens,Incompleto,Vista,Independiente,2021-11-28,7871244,3
Laura Ibáñez Martínez,Universitario,Vista,Independiente,2024-02-18,12456782,1
Carmina del Roda,Incompleto,Vista,Dependiente,2023-07-13,10071917,1
Hector Iglesias Cantón,Universitario,Vista,Cesante,2024-08-09,13118197,3
Celso Aznar-Roselló,Medio,Ahorro,Cesante,2024-03-10,913104,1
Nicodemo Santos Mercader Armas,Medio,Corriente,Dependiente,2021-07-07,11823762,4
Paola Salas Agustín,Medio,Vista,Independiente,2021-04-11,7038462,3
Joaquina Pina Orozco,Medio,Ahorro,Dependiente,2024-07-18,13230971,1
Reyes Egea,Incompleto,Vista,Cesante,2022-07-20,6279295,3
Florencia Abellán Sáenz,Medio,Vista,Independiente,2023-02-22,7141965,1
Roque Luis Nicolau Múñiz,Universitario,Corriente,Cesante,2021-05-28,13721725,4
Lucía Ariel Perelló Vaquero,Universitario,Ahorro,Dependiente,2023-09-06,11031162,4
Virginia Mena Adán,Incompleto,Vista,Dependiente,2023-04-14,5372222,3
Gracia Lamas Ariño,Universitario,Corriente,Independiente,2023-08-15,137287,3
Juan Carlos Bárcena,Universitario,Corriente,Cesante,2022-01-18,5228662,4
Zaida Castrillo Iñiguez,Incompleto,Vista,Cesante,2021-06-27,9449717,2
Sarita Matilde Pablo Estévez,Medio,Corriente,Independiente,2023-03-05,14221934,3
Osvaldo Casado Ramis,Universitario,Vista,Cesante,2024-09-21,8058068,1
Alba Ayala Cardona,Incompleto,Ahorro,Independiente,2024-02-16,9068413,2
Valero Vallés Arellano,Universitario,Ahorro,Dependiente,2023-12-18,10019635,2
Clímaco Julián Izquierdo,Medio,Ahorro,Independiente,2024-01-07,549141,4
Manola de Uriarte,Incompleto,Corriente,Dependiente,2023-06-19,6862971,1
Sebastian Morante,Medio,Ahorro,Dependiente,2021-12-22,14184559,3
Lázaro Manuel Moreno,Medio,Vista,Dependiente,2021-11-05,1117091,1
Ana Sofía Villalba Carreño,Incompleto,Corriente,Dependiente,2023-11-27,13773259,3
Herminio Rozas Alemán,Medio,Corriente,Cesante,2022-12-26,4912880,1
Jacobo Benavent Yuste,Universitario,Corriente,Cesante,2021-04-28,7262701,2
Jenaro Sáenz,Universitario,Ahorro,Cesante,2021-05-20,2297299,2
María Fernanda Jara Cózar,Medio,Corriente,Dependiente,2024-02-11,2657251,2
Luis Ángel Vargas Rivas,Incompleto,Vista,Dependiente,2022-01-24,3173032,2
Hernando Luna-Ballester,Medio,Ahorro,Independiente,2024-03-13,14453936,3
María Luisa Bas Garay,Universitario,Vista,Cesante,2024-11-10,11712456,1
Marcos de Avilés,Universitario,Corriente,Independiente,2021-11-03,13886901,3
Sebastian Olegario Anglada Ricart,Universitario,Corriente,Cesante,2022-03-14,13219751,2
Jose Angel Escribano Sanjuan,Medio,Ahorro,Dependiente,2021-04-25,13082832,2
Elvira de Cuevas,Medio,Vista,Cesante,2021-12-18,4184330,1
Nilda Gomis,Universitario,Vista,Independiente,2023-07-29,5704914,2
Julio Aguado Ripoll,Medio,Vista,Independiente,2022-09-08,1553045,3
Vinicio Olivera Ruano,Universitario,Ahorro,Cesante,2022-05-31,8835058,1
Pastor Folch-Agudo,Medio,Vista,Independiente,2024-01-07,2977777,3
Luis Ángel Mur Valero,Universitario,Corriente,Cesante,2024-08-02,4424691,3
Maricela Larrañaga Sacristán,Incompleto,Ahorro,Independiente,2023-05-19,13261827,1
Fito Menendez Hervás,Incompleto,Vista,Independiente,2023-08-13,13081448,2
Horacio Llobet,Medio,Vista,Dependiente,2021-01-26,5748072,3
María Jesús Serrano Samper,Medio,Ahorro,Cesante,2020-12-10,1606317,2
Nélida Sarmiento Castelló,Medio,Vista,Cesante,2024-04-24,6564595,4
Sabas Cruz Barceló Amador,Universitario,Ahorro,Dependiente,2021-05-31,6092135,4
Araceli Riquelme Casado,Incompleto,Vista,Dependiente,2024-04-16,6065649,4
Priscila Ledesma Calderón,Medio,Ahorro,Dependiente,2023-01-17,2040612,3
Florentina Varela Alcolea,Universitario,Vista,Independiente,2024-03-20,6052018,2
Ignacia Borrego Moreno,Incompleto,Ahorro,Independiente,2021-03-18,9049301,4
Reyes Fajardo Farré,Incompleto,Ahorro,Independiente,2023-10-05,4467023,3
Espiridión Baena Perez,Medio,Vista,Independiente,2024-08-24,12547545,4
Sigfrido Sureda Fabra,Incompleto,Vista,Independiente,2023-01-11,9082661,2
Manu Rivera-Molina,Universitario,Vista,Cesante,2023-08-28,7457956,2
Plinio Landa-Raya,Medio,Corriente,Dependiente,2021-06-09,993555,4
Flavia Bayo Torrecilla,Medio,Vista,Cesante,2024-08-26,8545830,1
Sergio Pinedo Ros,Incompleto,Ahorro,Dependiente,2022-04-06,1258896,1
Silvestre Aguirre Bayona,Universitario,Vista,Cesante,2021-01-17,13353410,2
Maximiano Saura-Tudela,Incompleto,Corriente,Dependiente,2023-03-12,1668068,2
Calixto Criado Giménez,Incompleto,Ahorro,Independiente,2023-12-13,13178568,2
Constanza Frutos Crespi,Universitario,Ahorro,Cesante,2024-06-26,10286915,2
Miguela Ramón Manzanares,Universitario,Corriente,Cesante,2023-07-12,6646340,3
Nadia Milla,Universitario,Ahorro,Dependiente,2022-07-06,4798107,3
Rosalva Bermudez Vicens,Universitario,Ahorro,Dependiente,2021-02-09,4373818,3
Toribio Mas Prieto,Incompleto,Vista,Independiente,2024-08-05,11960634,3
Porfirio Raya Carro,Universitario,Corriente,Dependiente,2024-05-14,5581778,1
Juana Sans Armas,Universitario,Vista,Independiente,2021-05-04,8458276,2
Odalys Manrique Iniesta,Incompleto,Ahorro,Independiente,2021-12-13,6044875,1
Espiridión Tolosa,Incompleto,Vista,Dependiente,2024-09-05,10322573,2
Nidia Escrivá Coloma,Universitario,Corriente,Dependiente,2021-04-14,1208226,2
Aura de Cárdenas,Incompleto,Ahorro,Cesante,2021-10-10,9874435,3
Hilario Perera Solera,Medio,Corriente,Cesante,2021-05-19,5928565,1
Baldomero Amigó Galan,Medio,Ahorro,Dependiente,2023-08-21,12038838,3
Albert Velázquez Doménech,Medio,Corriente,Dependiente,2022-11-13,7882446,4
Gaspar Torrijos Hernando,Universitario,Ahorro,Dependiente,2022-01-27,1712993,2
Kike Frutos Llorente,Incompleto,Vista,Independiente,2024-10-29,4442481,2
Rosario Contreras Soriano,Medio,Vista,Cesante,2022-05-26,10483263,3
Basilio Rios,Incompleto,Corriente,Independiente,2022-11-11,7548409,4
Sebastian Iglesias Alarcón,Medio,Ahorro,Dependiente,2021-12-30,6258719,3
Sandalio Santiago Sanz,Incompleto,Vista,Dependiente,2022-08-30,2687259,4
Amor Gomis Castells,Universitario,Vista,Cesante,2022-03-24,3534524,2
Eladio Luís Ojeda Marti,Medio,Ahorro,Cesante,2023-07-06,6457118,3
Fidel Raúl Lago Martinez,Universitario,Corriente,Cesante,2024-05-04,9429793,2
Mirta Torrens,Incompleto,Vista,Independiente,2024-02-12,163696,2
Samanta Guijarro Plaza,Medio,Ahorro,Cesante,2021-06-21,11782671,4
Maite Micaela Martin Leon,Universitario,Ahorro,Independiente,2023-12-17,3473152,4
Alfredo Talavera Beltrán,Medio,Ahorro,Cesante,2021-11-07,11480174,3
Cintia Tejera Puga,Incompleto,Vista,Dependiente,2023-05-23,6024235,1
Rico Márquez Abad,Universitario,Ahorro,Cesante,2023-05-12,13929966,1
Carina Mata Beltrán,Medio,Vista,Independiente,2023-06-16,13008196,3
Florina Montes Medina,Medio,Vista,Cesante,2024-08-06,13879129,2
Gabino Cid Barragán,Universitario,Corriente,Independiente,2021-07-07,3833947,2
Pía Sainz-Segura,Universitario,Ahorro,Cesante,2021-07-17,9269697,2
Fabio Yuste Yuste,Incompleto,Ahorro,Dependiente,2022-08-03,512009,1
Eduardo Llopis Cueto,Incompleto,Vista,Independiente,2021-12-25,5259935,3
Teófilo Cáceres Uriarte,Medio,Vista,Independiente,2023-05-31,4131983,3
Vasco del Sureda,Universitario,Vista,Independiente,2021-09-20,10310938,3
Benigna Aguilera,Incompleto,Ahorro,Independiente,2022-02-11,1689651,1
Eleuterio Saldaña,Incompleto,Ahorro,Cesante,2024-01-22,8928983,2
Anita Cámara Granados,Medio,Corriente,Cesante,2020-11-27,3902857,4
Blanca Blanes-Figuerola,Medio,Corriente,Cesante,2021-10-15,10760674,3
Inocencio de Duque,Incompleto,Vista,Independiente,2021-07-20,6450581,2
Espiridión Rocamora-Gaya,Medio,Corriente,Dependiente,2023-11-06,13883662,2
Edgardo Ferrero,Universitario,Ahorro,Dependiente,2022-05-13,9151115,1
Reinaldo Serna Sabater,Medio,Ahorro,Dependiente,2023-04-06,11979684,4
Montserrat Vilanova,Universitario,Ahorro,Independiente,2021-03-07,14536624,1
Azahar Cabezas Vives,Incompleto,Ahorro,Cesante,2022-02-08,7123998,1
Florina Acedo Albero,Medio,Vista,Cesante,2021-10-16,7731306,2
Morena Esther Boix Tirado,Medio,Ahorro,Dependiente,2021-10-03,14900109,4
Flavia Roca Noriega,Medio,Vista,Independiente,2023-03-18,12582949,3
María Teresa de Pinilla,Medio,Corriente,Dependiente,2021-10-08,6484118,2
Dionisio Llobet Santiago,Incompleto,Corriente,Dependiente,2024-09-05,11717029,1
Evaristo Duque Márquez,Incompleto,Vista,Dependiente,2023-08-19,14399971,4
Atilio de Blazquez,Medio,Ahorro,Cesante,2021-11-03,14873598,1
Débora Ruiz Roldán,Universitario,Ahorro,Dependiente,2021-03-27,9415684,2
Amor Valencia Solé,Universitario,Vista,Dependiente,2023-01-10,4875016,3
Reynaldo Marin Casal,Medio,Ahorro,Independiente,2022-03-17,13510548,2
Jose Manuel Lorenzo Zamora Marco,Universitario,Corriente,Independiente,2023-07-05,4895718,2
José María Jara Miralles,Universitario,Corriente,Dependiente,2022-04-04,10544007,3
Genoveva Luís Llorens,Medio,Ahorro,Cesante,2022-05-05,5330801,1
Asdrubal Fonseca Pareja,Universitario,Ahorro,Dependiente,2022-08-23,5691033,2
Felipa Tania Amigó Carvajal,Medio,Corriente,Dependiente,2022-12-30,5890285,2
Régulo Roselló Iborra,Universitario,Vista,Independiente,2022-04-09,6513067,2
Albina Acero Carrasco,Universitario,Corriente,Dependiente,2022-12-11,2965438,4
Efraín Conesa Salom,Medio,Ahorro,Dependiente,2022-04-29,7034341,2
Celestina Meléndez Juan,Universitario,Vista,Dependiente,2024-01-20,13062085,2
Cándida Pujol Aller,Incompleto,Vista,Independiente,2021-10-22,5715834,2
Charo de Bartolomé,Incompleto,Corriente,Dependiente,2024-02-10,2389378,2
Itziar Solera Jimenez,Incompleto,Corriente,Independiente,2020-12-14,7432117,3
Macaria Varela Guillen,Incompleto,Ahorro,Independiente,2022-05-04,2617742,3
Abigaíl Peña Sotelo,Medio,Vista,Cesante,2022-05-14,13357134,2
Manu Hurtado Aznar,Incompleto,Corriente,Dependiente,2022-08-08,12529365,1
Febe del Porcel,Universitario,Vista,Independiente,2023-01-31,13879724,1
Alondra Ocaña Crespi,Universitario,Ahorro,Dependiente,2022-10-28,4887157,2
Marco Reina-Toledo,Universitario,Ahorro,Independiente,2024-04-26,14459869,4
Fidela Raya González,Medio,Vista,Dependiente,2023-05-06,12232893,1
Vicente Llabrés Pinedo,Universitario,Vista,Cesante,2021-10-21,13506181,4
Josefina Marin Bravo,Incompleto,Corriente,Independiente,2021-10-29,1577397,1
Balduino Cerdán Silva,Medio,Corriente,Dependiente,2021-06-19,8331288,4
Nazario Escribano Gibert,Incompleto,Vista,Dependiente,2021-07-08,1307269,1
Máximo Porcel Cervantes,Medio,Ahorro,Dependiente,2024-06-20,6146325,4
Trinidad Gutiérrez Gómez,Universitario,Vista,Independiente,2023-06-09,6435855,1
Charo Téllez Gaya,Medio,Corriente,Independiente,2023-07-01,8388408,3
Manuel del Valverde,Medio,Corriente,Dependiente,2021-03-21,7620151,1
Luís Huerta-Chaves,Universitario,Corriente,Cesante,2021-12-28,4655042,4
Alexandra Llobet Yuste,Universitario,Ahorro,Independiente,2022-01-26,14591629,3
Arsenio Narváez,Medio,Vista,Independiente,2022-09-01,2711221,1
Gema Perelló Díaz,Incompleto,Corriente,Independiente,2022-08-27,11267950,2
Luís del Simó,Universitario,Ahorro,Independiente,2021-01-09,11766079,3
Eusebia Jordán Juan,Universitario,Vista,Cesante,2021-02-07,10517928,1
Lina Coello Fajardo,Medio,Ahorro,Cesante,2022-06-28,8337107,2
Marc Palomo Monreal,Incompleto,Corriente,Cesante,2021-08-30,1959534,2
Demetrio del Carrera,Medio,Ahorro,Independiente,2024-10-07,2845339,2
Sosimo Xavier Corbacho Valentín,Incompleto,Vista,Independiente,2024-05-21,5562191,3
Encarnacion Vizcaíno Parejo,Medio,Ahorro,Dependiente,2024-11-06,466133,3
Filomena de Moraleda,Incompleto,Vista,Dependiente,2021-09-10,2583807,1
Rodolfo del Arroyo,Medio,Vista,Cesante,2024-07-31,12237181,3
Silvestre Ureña Conesa,Universitario,Corriente,Dependiente,2023-03-26,10578755,2
Gonzalo Gisbert Bartolomé,Medio,Ahorro,Dependiente,2023-11-16,9889416,2
Américo Mariscal Alfonso,Universitario,Ahorro,Cesante,2023-12-22,8678214,4
Primitiva Mayoral Montoya,Universitario,Corriente,Independiente,2023-01-19,13351598,3
Octavio del Cortes,Incompleto,Ahorro,Dependiente,2024-09-28,2972223,2
Juan Carlos Leiva Bárcena,Universitario,Ahorro,Dependiente,2024-04-29,836524,2
Juan Cañizares Blázquez,Universitario,Corriente,Cesante,2022-08-23,11142579,1
Jordán Blanes,Universitario,Ahorro,Independiente,2022-10-05,3178479,2
Violeta Aguilar,Incompleto,Ahorro,Dependiente,2022-12-09,7236900,2
Gema Nicolau Sandoval,Universitario,Corriente,Independiente,2023-05-05,1000523,3
Carmina Morillo-Bermejo,Incompleto,Vista,Independiente,2022-06-27,3285367,1
Rafa Sanabria Román,Universitario,Corriente,Cesante,2021-01-31,9899365,3
Anna Carrera Clemente,Incompleto,Vista,Dependiente,2021-01-20,3065132,1
María Carmen Barros Borrás,Incompleto,Ahorro,Cesante,2024-02-10,7756885,4
Felipe Velasco Vicente,Universitario,Corriente,Dependiente,2023-09-08,321355,2
Vicenta Conde Montenegro,Universitario,Vista,Dependiente,2022-12-20,1717347,2
Bibiana López-Roura,Medio,Vista,Cesante,2021-09-24,1872417,2
Trinidad Leon Gomez,Universitario,Vista,Dependiente,2021-09-27,13826548,4
Eleuterio Juan Cabrera Tejada,Medio,Ahorro,Independiente,2024-03-24,12627110,4
Plácido Ballesteros Barón,Universitario,Corriente,Cesante,2022-02-21,8221019,1
Isa Carrión Balaguer,Incompleto,Vista,Independiente,2021-06-09,10290294,2
Apolonia Cárdenas Gonzalo,Medio,Ahorro,Cesante,2024-08-16,2263313,1
Pepito Agustí Uría,Medio,Corriente,Dependiente,2022-08-05,12178808,4
Ascensión Pomares,Universitario,Corriente,Dependiente,2021-06-08,5291080,3
Guadalupe Gutierrez,Incompleto,Vista,Dependiente,2023-01-14,1684291,3
Irma Olmedo Botella,Universitario,Corriente,Independiente,2022-02-25,7001686,2
Humberto Hoyos Montalbán,Universitario,Vista,Independiente,2021-10-25,6199639,3
Édgar Ferrán Caro,Universitario,Ahorro,Independiente,2021-07-27,7195937,1
Urbano Cuevas Busquets,Medio,Corriente,Dependiente,2022-06-29,2165696,1
Felipe Ferrer,Universitario,Vista,Independiente,2022-11-06,7426589,2
Rosenda del Hernandez,Incompleto,Ahorro,Independiente,2021-11-27,12695401,1
Hilda Blanch-Aguilar,Medio,Ahorro,Independiente,2022-02-05,8267155,3
Ani de Pedrosa,Medio,Ahorro,Cesante,2022-07-04,1081437,4
Renata de Echevarría,Universitario,Corriente,Cesante,2022-06-24,6721507,4
Berta Bravo-Machado,Medio,Vista,Dependiente,2022-11-23,9673481,3
Ruth Estévez-Cobo,Incompleto,Corriente,Independiente,2022-01-10,14281427,4
Celso Pozo Company,Universitario,Ahorro,Cesante,2023-08-14,13549347,3
Maristela Odalis Tirado Abad,Medio,Ahorro,Dependiente,2024-02-15,5433840,4
Angélica Morata Barrios,Universitario,Vista,Cesante,2021-09-07,4634562,4
Constanza Núñez Marcos,Universitario,Corriente,Cesante,2021-01-29,4798410,2
Luisa Carreño,Medio,Corriente,Independiente,2022-03-12,1165394,2
Reyna del Segovia,Universitario,Corriente,Cesante,2022-10-18,5843563,4
Melisa Valle Valls,Incompleto,Corriente,Cesante,2024-08-25,12143043,3
Josué Gargallo,Universitario,Ahorro,Independiente,2024-02-02,9209104,4
Diego Pizarro,Medio,Ahorro,Dependiente,2024-02-10,13602054,1
Carlos Maximiliano Marí Montoya,Medio,Ahorro,Independiente,2021-09-21,5317189,3
Toño Bellido Sureda,Incompleto,Vista,Dependiente,2024-06-17,2809048,2
Ana Sofía Domingo Feijoo,Medio,Vista,Independiente,2022-12-14,12960353,2
Severo Contreras,Incompleto,Ahorro,Cesante,2024-06-03,4790047,1
Adora Fanny Cuesta Arellano,Medio,Vista,Dependiente,2023-11-10,14296812,3
Carlito Guillén Ropero,Universitario,Vista,Cesante,2024-07-03,1493323,2
Bibiana Borrell Aguiló,Medio,Vista,Independiente,2023-12-23,1418374,1
María Manuela Paola Tapia Peral,Medio,Ahorro,Independiente,2021-02-23,4404175,1
José Marquez Talavera,Incompleto,Vista,Independiente,2022-09-01,474244,3
Cándido Barceló-Robledo,Incompleto,Corriente,Dependiente,2022-02-07,10308731,4
Consuela Mayte Sales Peiró,Universitario,Corriente,Independiente,2022-01-29,9866652,2
Alondra del Malo,Medio,Corriente,Dependiente,2022-05-20,11258746,4
Maite Carpio Vilaplana,Medio,Vista,Cesante,2023-05-07,14139445,1
Emilia Salcedo Artigas,Incompleto,Ahorro,Cesante,2024-05-04,12782645,2
Curro Ríos Almeida,Medio,Vista,Independiente,2020-12-26,2296975,4
Quique de Bermejo,Medio,Ahorro,Independiente,2024-06-11,10326116,1
Victor Manuel Villanueva Catalá,Universitario,Vista,Dependiente,2021-10-31,7045433,1
Cecilio Gonzalo Bayo,Medio,Ahorro,Cesante,2023-12-18,2280874,2
Hortensia Rocamora Pérez,Universitario,Ahorro,Cesante,2024-07-06,7821058,4
Jordán Federico Verdugo Pera,Medio,Corriente,Cesante,2024-02-02,7601841,2
Desiderio Domínguez Zamorano,Medio,Ahorro,Dependiente,2021-10-11,10495871,2
Cipriano Suárez-Girona,Medio,Vista,Dependiente,2021-04-14,63572,1
Jimena Font Castejón,Universitario,Vista,Cesante,2021-08-27,11249208,1
Ofelia Pinilla Salvador,Universitario,Vista,Cesante,2022-10-26,5158857,1
Samu Iglesia-Losada,Incompleto,Corriente,Dependiente,2024-02-13,4620032,4
Vinicio Carpio,Universitario,Vista,Cesante,2023-03-18,13884691,2
Edu Espinosa Elías,Incompleto,Ahorro,Cesante,2022-10-29,9347984,3
Oriana Jordán Sainz,Medio,Ahorro,Independiente,2024-10-10,10273322,4
María Belén Ferrández Llopis,Medio,Ahorro,Independiente,2023-10-01,14446811,3
Paco Palomares Carbonell,Universitario,Ahorro,Cesante,2024-04-27,10844876,3
Jesús García-Jiménez,Incompleto,Corriente,Dependiente,2023-12-18,9217448,4
Aristides Navarro,Medio,Corriente,Cesante,2022-11-02,14153611,1
María Carmen Saavedra Arrieta,Medio,Vista,Dependiente,2021-05-21,13114436,3
Cristian Ruano,Medio,Ahorro,Cesante,2022-04-30,3137487,2
Lucio Cañizares Sevillano,Universitario,Ahorro,Cesante,2023-03-08,4860083,3
Marc Noriega Álvaro,Universitario,Ahorro,Cesante,2024-01-26,13202070,4
Dora Oliva-Viña,Universitario,Corriente,Cesante,2022-08-24,9919517,4
Violeta Olivares,Universitario,Ahorro,Dependiente,2024-05-10,5319985,1
Dora Pulido-Elías,Incompleto,Vista,Cesante,2023-09-19,14475781,2
Eva María Pozo,Medio,Ahorro,Dependiente,2022-12-25,7259336,3
Pedro Durán-Cánovas,Incompleto,Vista,Independiente,2023-02-21,12337935,4
Haydée Requena-Pedrosa,Medio,Ahorro,Independiente,2022-11-06,14326499,4
Marcio Clemente Aragonés,Medio,Corriente,Independiente,2021-03-25,12544332,4
Blas Verdejo,Incompleto,Ahorro,Dependiente,2024-11-04,9369846,2
Amor Ugarte Fuente,Medio,Vista,Dependiente,2022-07-06,532191,3
Gil Abad Donaire,Medio,Corriente,Dependiente,2021-09-17,7774201,2
Matías Espada Ortiz,Incompleto,Corriente,Independiente,2023-10-07,567185,2
Jose Miguel de Piñol,Medio,Ahorro,Independiente,2022-05-16,13268840,2
Primitiva Alegre Galvez,Incompleto,Vista,Independiente,2022-02-15,4779900,1
Amor Castañeda Tormo,Universitario,Vista,Cesante,2023-01-20,791202,2
Jesús Peláez Berrocal,Incompleto,Corriente,Dependiente,2022-06-01,4423102,3
Ainoa Enríquez Prat,Medio,Vista,Cesante,2024-08-25,11836074,1
Manuel Navas Aguilera,Medio,Vista,Independiente,2021-06-21,7875558,3
Ángel Guillén Macias,Incompleto,Corriente,Independiente,2023-12-06,5642659,3
Ciriaco Vall Bermudez,Medio,Corriente,Dependiente,2024-05-02,14460681,4
Rosalinda Avilés Fabra,Universitario,Ahorro,Cesante,2022-04-14,7684841,3
Cayetano Landa-Martínez,Universitario,Ahorro,Cesante,2022-06-26,7061734,4
Azahara Tejera Pablo,Universitario,Corriente,Cesante,2021-04-18,5843263,4
Melchor Vila Galiano,Medio,Corriente,Independiente,2024-06-27,6799004,2
Ruth Elisabet Muro Llorens,Incompleto,Corriente,Dependiente,2021-04-30,10270951,1
Teófila Camino Mate,Incompleto,Corriente,Cesante,2022-06-04,10298653,1
Dafne Caparrós Pozo,Incompleto,Ahorro,Cesante,2022-04-22,13224155,2
Ambrosio de Feijoo,Universitario,Ahorro,Dependiente,2022-11-15,3669693,1
Catalina Sarabia,Universitario,Ahorro,Dependiente,2023-08-13,4900456,1
Julieta Morcillo Peinado,Medio,Vista,Dependiente,2021-02-25,10080485,4
Heriberto Chico-Madrigal,Universitario,Ahorro,Cesante,2020-12-23,10790129,3
Sandra Iborra Blasco,Incompleto,Corriente,Dependiente,2022-07-17,6841841,1
Narciso Casals Sabater,Universitario,Corriente,Dependiente,2022-08-17,14909759,2
Ramiro Pintor Sosa,Incompleto,Corriente,Independiente,2021-02-07,14123131,3
Raúl Sarabia,Incompleto,Vista,Independiente,2024-03-21,11934893,4
Imelda Arrieta-Pedrero,Incompleto,Ahorro,Independiente,2023-10-23,11322239,2
Juan Luis Calisto Riquelme Casal,Medio,Ahorro,Independiente,2022-09-24,3745996,3
Sosimo Saez Carreño,Universitario,Vista,Cesante,2023-04-17,12989990,1
Natalia Amor Calderon,Incompleto,Vista,Cesante,2023-09-11,10835152,4
Marta Montero,Incompleto,Ahorro,Independiente,2021-03-15,1387872,3
Paloma de Sola,Universitario,Ahorro,Cesante,2024-01-28,5618586,2
Feliciana Cisneros-Salamanca,Incompleto,Vista,Dependiente,2023-10-13,7775422,4
Álvaro César Aparicio Teruel,Incompleto,Ahorro,Dependiente,2022-02-15,10234790,1
Ruy Córdoba Sales,Medio,Vista,Independiente,2024-09-30,2415610,2
Dani Ortega Prats,Incompleto,Corriente,Cesante,2022-01-28,7000749,3
Baltasar Elorza Gámez,Incompleto,Ahorro,Independiente,2024-02-09,10620163,1
Jafet Villalba Mur,Universitario,Ahorro,Independiente,2021-08-07,12498135,2
Genoveva Rueda Bermudez,Incompleto,Corriente,Dependiente,2023-01-15,13989158,4
Eloy Vega-Rodríguez,Incompleto,Corriente,Independiente,2023-04-14,1293871,4
Candelaria Castañeda Peralta,Medio,Corriente,Cesante,2021-12-12,3645264,4
Moreno Iriarte Torrents,Medio,Ahorro,Cesante,2022-09-28,1983618,4
Isabela Camacho,Incompleto,Corriente,Dependiente,2024-08-30,11205205,4
María Dolores Beltran Soriano,Medio,Ahorro,Cesante,2022-10-22,7401298,4
Kike Baños Madrigal,Incompleto,Corriente,Independiente,2021-03-09,5663394,4
Elpidio Sarabia Estevez,Incompleto,Ahorro,Independiente,2022-10-06,13708939,1
Anunciación del Huertas,Medio,Corriente,Cesante,2023-03-10,4030539,4
Margarita Duran Boix,Universitario,Corriente,Cesante,2022-03-16,460279,3
Reyes de Díaz,Universitario,Vista,Independiente,2022-10-11,9228372,1
Encarna Calatayud Larrea,Medio,Ahorro,Dependiente,2023-11-01,2026535,2
Fidela Linares Baeza,Incompleto,Vista,Dependiente,2023-02-07,4437617,4
Espiridión Manzanares Castro,Universitario,Ahorro,Cesante,2023-12-10,1003229,2
Jose Antonio Montes Cortés,Universitario,Corriente,Cesante,2024-09-27,7098359,3
Severo Carmona Mayo,Universitario,Ahorro,Cesante,2023-01-24,13683759,3
Reyna Oliver-Reyes,Medio,Corriente,Cesante,2023-11-08,8715045,3
Glauco Anaya Corbacho,Universitario,Ahorro,Dependiente,2023-11-06,11544078,1
Nerea del Muñoz,Medio,Ahorro,Dependiente,2023-12-25,7373499,2
Teodosio Romero Arce,Universitario,Vista,Cesante,2022-04-08,5474303,1
Galo Vicente Nieto,Medio,Corriente,Dependiente,2021-05-29,7886116,3
Natividad Talavera Alsina,Medio,Vista,Independiente,2023-03-04,1658078,3
Esperanza Valenciano,Incompleto,Corriente,Independiente,2024-11-05,4156577,1
Pancho Pineda-Mancebo,Medio,Vista,Independiente,2024-08-29,6594610,2
Damián Guitart Martí,Incompleto,Vista,Independiente,2024-04-03,1173021,2
Felisa Lluch Rosell,Medio,Vista,Independiente,2023-10-07,14662338,1
María Pilar Polo,Medio,Ahorro,Cesante,2021-04-18,14007854,3
Ruperto González Rosselló,Universitario,Vista,Cesante,2023-10-01,14528751,4
Teófila Bernal-Morante,Medio,Corriente,Cesante,2023-01-13,7045075,4
Renato Reyes Aragón,Medio,Ahorro,Independiente,2023-10-25,924889,3
Rocío Villanueva Castro,Medio,Vista,Cesante,2024-05-12,13532697,3
Reyes Cantón Lamas,Universitario,Vista,Cesante,2024-07-16,1588929,2
Felicia Garcés-Moles,Incompleto,Corriente,Independiente,2021-09-05,4411744,1
Paco del Ayuso,Incompleto,Vista,Cesante,2021-12-04,4529430,2
Morena Montes Crespi,Universitario,Vista,Dependiente,2024-05-28,7741449,3
Toño Mir Gámez,Medio,Corriente,Independiente,2024-11-06,11181744,1
Isabel Irene Abascal Acosta,Medio,Ahorro,Dependiente,2024-03-04,274661,4
Cayetano Agudo Cabo,Medio,Ahorro,Dependiente,2024-09-23,10132823,4
Elisa Segovia-Valencia,Medio,Vista,Independiente,2023-06-18,519310,3
Rosenda Pozuelo,Incompleto,Corriente,Dependiente,2024-03-14,8183239,1
Angelina Bayo Tormo,Incompleto,Ahorro,Independiente,2023-08-21,8665023,4
Camila Gascón Valbuena,Medio,Vista,Cesante,2022-02-28,10809944,2
Victor de Barrio,Medio,Ahorro,Dependiente,2022-01-11,8963632,1
Fernando Madrid Colomer,Medio,Ahorro,Cesante,2022-04-24,14901052,2
Ruperto Carrión Guijarro,Incompleto,Ahorro,Cesante,2020-12-17,7840182,4
Reinaldo Valderrama Acuña,Incompleto,Ahorro,Independiente,2021-03-23,6659652,3
Reina Plana Calvet,Incompleto,Ahorro,Dependiente,2022-11-09,10034262,2
Claudio Blázquez Cortina,Medio,Vista,Dependiente,2022-05-18,9442736,3
Lidia Aller Armengol,Universitario,Vista,Cesante,2023-03-10,9184916,4
Lino del Asensio,Incompleto,Corriente,Independiente,2021-12-07,4532561,1
Ibán Santos Arco,Universitario,Ahorro,Independiente,2021-08-23,11602609,1
Hortensia Gámez Iñiguez,Medio,Vista,Dependiente,2023-06-28,9962637,1
Jennifer Roura,Universitario,Corriente,Independiente,2022-10-17,5790215,1
Plinio Mayo Benito,Incompleto,Vista,Cesante,2021-02-18,2751231,4
Edelmiro Cornelio Reig Luque,Universitario,Corriente,Independiente,2024-09-03,5030633,3
Claudia de Gárate,Incompleto,Ahorro,Cesante,2023-12-21,1657961,2
Pascuala María José Peralta Elorza,Universitario,Ahorro,Dependiente,2021-05-14,10340011,1
Maura de Ródenas,Incompleto,Ahorro,Dependiente,2024-01-06,9074621,1
Máxima del Piquer,Medio,Corriente,Dependiente,2022-04-07,10193593,2
Arsenio Vidal-Montesinos,Universitario,Vista,Dependiente,2023-03-03,5651394,2
Silvestre Barba Jaén,Medio,Corriente,Independiente,2023-12-16,12378883,1
Bartolomé Zorrilla Bautista,Universitario,Vista,Independiente,2022-04-06,14985025,2
Carla Ruth Carrión Montero,Medio,Vista,Dependiente,2024-01-24,4388911,2
Julia Páez Pacheco,Universitario,Vista,Dependiente,2023-06-28,2874187,4
Jose Miguel Roldán,Medio,Vista,Independiente,2022-12-06,6636664,1
Herminio Rodríguez Calvet,Medio,Corriente,Cesante,2023-12-12,10448919,1
Pastora Romero,Incompleto,Ahorro,Dependiente,2021-03-03,5587692,4
Ale Valbuena-Múñiz,Medio,Corriente,Cesante,2022-03-18,6757895,4
Iván Baños-Alegre,Incompleto,Ahorro,Dependiente,2023-06-11,3733024,1
Felipe Larrea Pagès,Incompleto,Ahorro,Cesante,2022-06-30,10728274,4
Goyo Arco Escolano,Incompleto,Vista,Cesante,2023-09-10,7059161,4
Emperatriz Pino Samper,Incompleto,Ahorro,Cesante,2020-12-25,11116886,3
Efraín Páez Lobo,Medio,Vista,Dependiente,2023-04-06,3307632,4
Susana Olivera Querol,Universitario,Corriente,Dependiente,2023-06-17,6345426,4
Odalys de Bejarano,Medio,Vista,Dependiente,2022-06-30,9027203,3
Adoración Morales Ruiz,Incompleto,Vista,Cesante,2024-03-10,7746461,4
Febe Aránzazu Echevarría Caballero,Medio,Ahorro,Dependiente,2023-09-21,12368733,2
Luciana Montenegro,Universitario,Vista,Independiente,2023-07-15,12023206,1
Corona Tomas Ortuño,Incompleto,Ahorro,Cesante,2021-07-09,2563687,3
Áurea Reig,Universitario,Corriente,Cesante,2024-11-01,10402568,1
Lupita Gracia,Medio,Vista,Cesante,2021-04-05,2724580,3
Ruben Juan Hernández,Medio,Ahorro,Cesante,2021-08-23,9657440,1
Candelas Vara Pedro,Incompleto,Vista,Dependiente,2024-05-07,7516906,4
Angelina Mur Jimenez,Incompleto,Ahorro,Dependiente,2024-07-24,198698,4
Hilario del Beltran,Incompleto,Vista,Cesante,2024-01-26,5406261,2
Dani de Diaz,Incompleto,Corriente,Dependiente,2023-08-27,1194653,3
Néstor Ropero Vizcaíno,Medio,Vista,Dependiente,2021-05-26,12428495,3
Salud Garcés Aguilera,Universitario,Vista,Cesante,2023-10-04,14876007,3
Candelario Galvez Jiménez,Universitario,Vista,Cesante,2021-12-30,4783878,4
Toni del Alarcón,Medio,Vista,Independiente,2020-11-23,12269543,2
Ruperta Parejo Planas,Incompleto,Corriente,Dependiente,2023-09-17,4016741,3
Lázaro Benitez Checa,Medio,Vista,Dependiente,2023-05-29,14660248,4
Charo del Montaña,Medio,Vista,Cesante,2022-05-14,3199830,3
Anabel Borrás Mateu,Medio,Ahorro,Dependiente,2023-05-11,14267258,1
Guiomar Carmona Castellanos,Universitario,Vista,Cesante,2023-10-08,14968673,2
Nydia Giralt Bernat,Medio,Corriente,Dependiente,2021-01-22,1126769,3
Bartolomé Galo Colomer Álvaro,Medio,Vista,Independiente,2024-03-14,4675153,4
Alejo Sales Moll,Incompleto,Ahorro,Independiente,2023-10-07,5810642,4
Cristina Coello Real,Universitario,Vista,Cesante,2020-12-21,585386,3
Adora Paola Ayllón Montesinos,Universitario,Vista,Independiente,2024-01-16,524014,1
Lara Fuentes Serna,Medio,Ahorro,Independiente,2021-12-01,6515775,4
Celso Boada Roselló,Universitario,Vista,Dependiente,2021-06-26,9134591,3
Rosenda de Pazos,Universitario,Corriente,Dependiente,2023-06-09,9273569,3
Baltasar Villaverde Cantón,Incompleto,Corriente,Dependiente,2021-04-13,11112826,3
Eusebio Andrés Abad,Universitario,Vista,Independiente,2023-06-16,4416144,2
Carlota Calderon Catalán,Medio,Corriente,Dependiente,2024-06-21,1358009,4
Roldán Emigdio Carrión Arnau,Medio,Vista,Cesante,2024-10-04,1161371,1
Hilario Ramirez Vilaplana,Universitario,Corriente,Dependiente,2023-01-11,841363,3
Liliana Chaves-Cózar,Medio,Corriente,Cesante,2024-04-13,10962624,3
Silvio Pardo-Jaén,Universitario,Corriente,Cesante,2024-06-02,2168230,2
Silvia del Escamilla,Incompleto,Vista,Dependiente,2024-08-18,8671183,3
Lucía Aramburu Rius,Incompleto,Ahorro,Independiente,2022-02-11,12635670,2
Sergio de Castell,Medio,Vista,Cesante,2022-03-14,5995107,1
Dalila Josefa Sacristán Garcia,Universitario,Ahorro,Cesante,2021-07-28,3092350,3
Flor Rico Sáez,Universitario,Vista,Dependiente,2021-01-14,7608292,2
Toribio Baquero Mir,Medio,Ahorro,Dependiente,2021-12-03,1735504,3
María Teresa Tomás-Burgos,Universitario,Vista,Independiente,2021-07-15,6616658,4
Bonifacio Pallarès,Incompleto,Corriente,Cesante,2020-12-16,7800244,3
Melisa Viñas Estevez,Universitario,Ahorro,Dependiente,2021-05-16,592617,3
Ezequiel Grande,Universitario,Ahorro,Independiente,2020-12-29,757284,2
Evelia Valentín Agustí,Medio,Vista,Dependiente,2023-02-13,7587801,2
Natanael Azcona Cornejo,Incompleto,Ahorro,Cesante,2021-07-01,13123891,3
Asunción Pujol Ariño,Medio,Ahorro,Independiente,2022-03-21,6451116,1
Rubén Tejera Hernández,Medio,Corriente,Dependiente,2021-08-01,11822455,4
Leocadio Vara Borrás,Medio,Vista,Independiente,2021-06-12,13505642,2
Demetrio del Segarra,Incompleto,Ahorro,Cesante,2023-03-14,1096507,4
Carlota de Villena,Medio,Ahorro,Dependiente,2022-10-20,8041880,3
Manolo Velázquez Catalá,Incompleto,Vista,Cesante,2021-05-24,8980877,1
Ricardo Peñas Casado,Incompleto,Corriente,Cesante,2021-01-22,8054837,4
María Arellano,Incompleto,Ahorro,Cesante,2022-02-16,12207223,2
Graciano Briones Cánovas,Medio,Ahorro,Independiente,2023-11-20,1276812,3
Custodia Pepita Badía Iglesia,Incompleto,Vista,Dependiente,2024-06-27,4084333,3
Américo Castillo Téllez,Medio,Ahorro,Cesante,2021-07-09,6264571,4
Marisa Abascal,Incompleto,Vista,Dependiente,2023-04-29,2736182,1
Prudencia Jódar Melero,Medio,Ahorro,Independiente,2023-05-28,2754051,2
Javier Simó Perales,Incompleto,Vista,Independiente,2021-09-18,523840,2
Azahar Hoz Benito,Universitario,Corriente,Dependiente,2021-01-29,12443588,4
Juana Campillo Torrecilla,Universitario,Ahorro,Dependiente,2023-03-03,10429049,4
Azucena Quevedo Arévalo,Medio,Ahorro,Independiente,2021-04-25,2459465,1
Angélica Carreño Vara,Incompleto,Corriente,Cesante,2022-09-07,12816988,4
Cristina Anaya-Pareja,Universitario,Vista,Cesante,2021-05-02,7868453,4
Ismael del Chico,Medio,Ahorro,Independiente,2023-05-16,8508376,3
Segismundo Guillén Villena,Universitario,Vista,Independiente,2021-07-27,137842,1
Nicanor Asenjo Torralba,Medio,Ahorro,Cesante,2024-08-01,8566096,1
Isa Jiménez Puente,Universitario,Corriente,Dependiente,2021-03-27,1684782,1
Íngrid del Valentín,Incompleto,Ahorro,Dependiente,2024-06-01,4316105,2
Inmaculada Morcillo Marcos,Incompleto,Corriente,Cesante,2023-08-02,14198114,3
Vera Haro Jerez,Medio,Vista,Cesante,2021-07-16,3928170,2
José Manuel Manuel,Incompleto,Ahorro,Dependiente,2020-12-30,9667450,2
Rosario Donoso Porras,Incompleto,Ahorro,Dependiente,2024-09-25,7525699,4
Yolanda Fabra Morell,Medio,Corriente,Dependiente,2022-04-25,7878752,2
Guiomar Bustos Benito,Incompleto,Ahorro,Cesante,2023-01-03,6711273,1
Abigaíl Machado Saldaña,Universitario,Vista,Cesante,2023-01-30,10282289,1
Gerardo Reina Mayo,Incompleto,Vista,Independiente,2024-11-12,13605120,3
Montserrat Pina Comas,Universitario,Vista,Cesante,2024-07-20,3117874,1
Haroldo Fuente Tello,Medio,Corriente,Independiente,2024-10-19,14157607,3
Carla Villalobos Agustín,Medio,Vista,Dependiente,2022-03-10,8163051,4
Jeremías Cabañas Gallardo,Incompleto,Vista,Dependiente,2021-08-28,3312940,2
Jose Cañizares Ramirez,Incompleto,Corriente,Independiente,2021-05-13,9065682,3
Bernarda de Valdés,Incompleto,Vista,Dependiente,2022-03-22,5452003,1
Julio Ugarte,Incompleto,Ahorro,Dependiente,2022-08-15,11123384,4
Ulises Domínguez-Morell,Universitario,Corriente,Independiente,2024-10-17,11774491,2
Marisa Anabel Rocha Barranco,Medio,Ahorro,Cesante,2024-01-08,10830436,2
Lourdes del Echevarría,Medio,Vista,Dependiente,2024-10-17,691903,2
Toribio Tur Cortés,Incompleto,Ahorro,Dependiente,2023-01-23,10032005,1
Begoña Ugarte Malo,Medio,Vista,Cesante,2024-11-15,7629269,2
María Pilar Andres Barberá,Incompleto,Corriente,Dependiente,2022-02-08,10605090,4
Elisa Soler Durán,Medio,Ahorro,Independiente,2020-12-31,2912097,1
Águeda Raya Andres,Medio,Vista,Dependiente,2022-04-14,7259479,4
Dafne Torrijos Fernandez,Medio,Ahorro,Independiente,2024-02-24,1109788,4
Rosalía Prudencia Coloma Pina,Universitario,Vista,Dependiente,2021-05-12,12256447,3
Rosario Hurtado Barriga,Medio,Vista,Cesante,2024-07-17,9374002,2
Esteban Edu Vigil Campos,Universitario,Corriente,Dependiente,2022-08-09,11618152,2
Yaiza Chaves Patiño,Incompleto,Corriente,Cesante,2022-07-05,12422619,1
Severo Domingo Tamayo,Incompleto,Vista,Cesante,2022-04-26,1622143,4
Nayara Ochoa Aragón,Incompleto,Vista,Cesante,2024-10-07,14218406,3
Rafael Mariscal Rubio,Incompleto,Ahorro,Cesante,2021-09-19,12424725,3
Ariadna Gaya Macías,Incompleto,Ahorro,Independiente,2023-05-31,8394485,4
Lucio Conesa Ferrero,Medio,Corriente,Cesante,2022-01-02,1628179,4
Elena Maza Pablo,Incompleto,Corriente,Independiente,2021-05-13,12115463,2
Carolina Armas Santana,Universitario,Corriente,Cesante,2022-04-29,1077041,4
Ximena Ignacia Pujol Ramírez,Universitario,Ahorro,Cesante,2021-10-07,14210784,2
Melania Olmedo-Vilanova,Universitario,Ahorro,Independiente,2022-07-07,2032219,1
Julián Iniesta Ferrándiz,Universitario,Vista,Cesante,2023-08-01,9932667,3
Valeria Barón,Medio,Corriente,Cesante,2021-12-27,8105841,2
José Antonio Llamas Llorens,Universitario,Corriente,Dependiente,2022-01-19,9231178,2
Mónica Gallart,Incompleto,Ahorro,Cesante,2022-04-28,3364163,1
Alberto Bellido Calderon,Medio,Vista,Cesante,2024-07-14,11203116,1
Miguela Canet-Olmedo,Incompleto,Vista,Dependiente,2024-02-07,6268337,2
Marisa Bernal Gracia,Universitario,Corriente,Independiente,2023-12-29,1436659,1
Elena Comas Vallés,Universitario,Ahorro,Cesante,2021-07-09,5258271,4
Toni Mesa Carrasco,Medio,Vista,Dependiente,2024-02-23,5327824,2
Sonia Valle,Universitario,Corriente,Dependiente,2023-04-08,2368357,2
Gabino Montes Guillén,Incompleto,Ahorro,Dependiente,2023-11-18,9052500,3
Primitivo Pintor-Fabra,Universitario,Vista,Independiente,2023-07-26,7366844,3
Rosenda Mariscal-Vilar,Medio,Corriente,Cesante,2024-10-10,2661516,2
Feliciana Camps Sala,Medio,Ahorro,Dependiente,2022-07-22,4447497,1
Manolo Cañizares Piñol,Incompleto,Vista,Dependiente,2022-08-15,4688190,2
Tania Emma Leiva Diéguez,Medio,Vista,Independiente,2024-07-20,4130950,1
Silvestre Vélez Granados,Medio,Corriente,Independiente,2022-09-07,6210857,3
Eric Alemán España,Medio,Vista,Independiente,2023-07-05,13733289,1
Florentina Polo Campoy,Universitario,Vista,Cesante,2023-06-18,9658528,1
Rubén de Revilla,Universitario,Ahorro,Dependiente,2023-03-28,7254064,3
Alma Guerrero-Atienza,Medio,Corriente,Independiente,2022-09-16,2444530,1
Marisol Lloret,Incompleto,Vista,Dependiente,2022-09-24,13632829,3
Fabiola Reina Abella,Universitario,Ahorro,Cesante,2024-04-28,5113700,2
Eladio Bermúdez Sarabia,Medio,Ahorro,Cesante,2023-11-03,3369743,3
Luis Sureda Adán,Universitario,Ahorro,Dependiente,2024-08-02,14755729,1
Elena Menendez-Manzano,Medio,Ahorro,Cesante,2021-12-27,12260804,2
Moreno Campo Redondo,Medio,Corriente,Independiente,2021-12-11,1071422,1
Marcela María Ángeles Carbajo Querol,Universitario,Ahorro,Cesante,2022-12-03,10982183,2
Miriam Domínguez,Incompleto,Corriente,Cesante,2021-10-12,9246199,1
Alcides Soler Alba,Universitario,Vista,Dependiente,2021-06-10,10877345,4
Guadalupe de Campoy,Medio,Corriente,Dependiente,2022-03-26,4982670,2
Jorge Dalmau Quintana,Medio,Ahorro,Independiente,2021-07-05,12709674,3
Fernando Salinas Cañizares,Incompleto,Ahorro,Dependiente,2021-09-03,8351157,1
Tere Alberdi Pascual,Incompleto,Corriente,Dependiente,2020-12-27,7659323,1
Marisela Alcalde Bartolomé,Incompleto,Corriente,Dependiente,2021-12-11,5393848,1
Priscila Berrocal Carlos,Universitario,Ahorro,Independiente,2024-09-22,6949556,2
Juan José Salmerón Sastre,Medio,Ahorro,Cesante,2021-08-06,11352714,2
Begoña Bartolomé Nuñez,Medio,Vista,Dependiente,2024-07-27,14431124,2
Hilda Lorena Sebastián Camino,Universitario,Ahorro,Independiente,2024-06-13,4823525,1
Eladio Checa Aliaga,Medio,Vista,Dependiente,2023-10-18,10186639,3
Adelia del Tejera,Medio,Vista,Cesante,2022-11-02,279690,1
Tito Cortina Niño,Medio,Vista,Dependiente,2024-06-10,7294684,2
Santos Sandalio Fuentes Campoy,Medio,Vista,Cesante,2021-10-25,1451328,4
Luciana Jovita Cisneros Puga,Universitario,Vista,Dependiente,2021-08-15,1707620,2
Rodrigo Ruy Ponce Solís,Universitario,Vista,Cesante,2022-04-04,2699429,4
Otilia Cárdenas,Universitario,Vista,Dependiente,2021-10-03,1088223,4
Fernanda Bru,Universitario,Ahorro,Independiente,2023-07-26,8164744,3
Adalberto Herrero Batalla,Incompleto,Vista,Independiente,2021-10-15,9336139,4
Maxi Benigno Esparza Rosales,Incompleto,Corriente,Independiente,2021-06-01,6995011,3
Ruben Ferrán Velázquez,Universitario,Corriente,Independiente,2023-01-13,3793288,3
Teodosio Ródenas Hervia,Medio,Ahorro,Cesante,2023-04-22,8630465,3
Juan Martínez Pera,Universitario,Vista,Cesante,2023-12-06,883628,4
Mamen del Beltrán,Incompleto,Corriente,Cesante,2023-01-13,7646443,3
Nélida Chaves Tejedor,Medio,Corriente,Independiente,2023-12-08,12579130,1
Josué Miralles Montoya,Universitario,Ahorro,Dependiente,2023-05-31,11204648,3
Juan Francisco Dan Bello Catalá,Medio,Ahorro,Cesante,2022-12-26,10696076,4
Óscar Otero-Garay,Medio,Ahorro,Independiente,2022-07-16,12111827,4
Amelia Vergara-Cañete,Incompleto,Vista,Cesante,2022-06-05,6672749,3
Iván Morillo Espada,Incompleto,Vista,Independiente,2024-02-28,2258807,3
Miguela Quevedo Chacón,Incompleto,Ahorro,Dependiente,2024-06-30,4750716,3
Calista Suárez-Jimenez,Universitario,Vista,Dependiente,2022-01-25,3052879,1
Matilde de Pozo,Incompleto,Ahorro,Cesante,2021-11-10,8363839,4
Antonio Salmerón Agullo,Medio,Corriente,Independiente,2021-08-17,7354428,2
Moreno Grau Dávila,Incompleto,Corriente,Dependiente,2020-12-10,4116043,3
Cándida Milla Arnal,Medio,Vista,Independiente,2024-04-28,4880811,4
Fabián Rico Villar,Incompleto,Ahorro,Dependiente,2024-09-16,3645901,1
Martín Solera,Medio,Ahorro,Dependiente,2022-11-16,7597468,4
Flor Orozco-Diez,Incompleto,Vista,Independiente,2022-09-30,9971518,3
Evangelina Vilar,Incompleto,Vista,Cesante,2024-04-01,10777153,4
Telmo Trillo Ripoll,Medio,Vista,Cesante,2023-09-29,2402548,3
Dolores Anaya Beltrán,Universitario,Vista,Dependiente,2023-03-05,7574236,2
Dafne Peiró Bautista,Incompleto,Ahorro,Independiente,2021-07-23,12376596,2
Felicia Rodriguez-Cerro,Universitario,Vista,Cesante,2022-02-06,11968547,4
Ricardo Guzman-Pozo,Incompleto,Corriente,Dependiente,2024-08-12,5829049,3
Angelita Pujol,Universitario,Corriente,Cesante,2021-02-01,3363436,3
Tiburcio Eusebio Gálvez Toro,Medio,Corriente,Cesante,2024-10-08,255483,3
Prudencio Agustí-Valdés,Incompleto,Ahorro,Independiente,2022-05-04,14357012,1
Cándida Andreu Rozas,Medio,Vista,Cesante,2022-10-23,13306457,2
Cristian Fabregat Tomé,Incompleto,Ahorro,Dependiente,2022-07-26,10922570,2
Tiburcio Ricart-Noriega,Medio,Ahorro,Cesante,2021-04-12,7324975,2
Asdrubal Mariño Folch,Incompleto,Corriente,Cesante,2021-06-27,3231163,1
Wálter Carnero Lluch,Universitario,Corriente,Cesante,2023-08-27,11421797,3
Reyes Ramis Manjón,Incompleto,Vista,Independiente,2023-01-07,1395700,4
Federico Ledesma Cueto,Incompleto,Vista,Cesante,2024-05-13,1548489,4
Jacobo del Cuesta,Medio,Vista,Independiente,2024-09-10,11933797,4
Emma de Aguilera,Medio,Vista,Dependiente,2021-05-25,6717195,4
Eduardo Roman Suarez,Universitario,Ahorro,Independiente,2023-02-16,8825262,4
Sofía Esteve Abad,Medio,Ahorro,Independiente,2024-08-23,4381152,3
Zacarías Huguet Acedo,Universitario,Vista,Independiente,2023-12-31,7888695,1
Nayara Carro,Universitario,Corriente,Independiente,2021-05-22,13648054,4
Marco Verdejo Nogueira,Incompleto,Corriente,Independiente,2023-04-05,11694658,2
María Del Carmen Cabañas Vega,Universitario,Corriente,Dependiente,2023-08-14,3644907,1
Rebeca Sancho,Incompleto,Ahorro,Dependiente,2022-03-03,14372329,1
Wálter Carbó-Vazquez,Universitario,Ahorro,Cesante,2023-12-17,1662084,4
Elías Casals Díaz,Universitario,Vista,Cesante,2023-03-19,7740996,4
Violeta Río,Universitario,Vista,Cesante,2021-04-10,11757092,3
Maximiliano Jerónimo Gimenez Pons,Medio,Ahorro,Dependiente,2023-09-27,4932359,1
Claudia Julián León,Incompleto,Corriente,Independiente,2023-02-26,7452392,1
Dionisia Roselló,Medio,Corriente,Cesante,2022-10-19,13921087,4
Angelina Ribes García,Universitario,Ahorro,Dependiente,2022-07-17,11347491,1
Encarnita Calleja Ribes,Medio,Ahorro,Independiente,2023-02-23,5568452,1
Eligia Tejada Cabezas,Medio,Ahorro,Independiente,2023-05-03,1418295,2
Paco Moliner Ángel,Incompleto,Corriente,Dependiente,2024-03-19,5359523,1
Nilo Arribas Morán,Medio,Ahorro,Independiente,2021-01-04,449203,1
Vito de Paredes,Universitario,Vista,Cesante,2021-08-24,718803,1
Selena Alcalá Olivé,Medio,Ahorro,Dependiente,2024-03-11,665088,1
Seve Dan Priego Alegre,Incompleto,Vista,Independiente,2024-11-04,14077611,1
Marina Oliva Villegas,Medio,Ahorro,Dependiente,2022-01-21,14835414,2
Tamara Aragón Torre,Universitario,Corriente,Cesante,2024-03-15,11205576,3
Edgardo Ezequiel Gómez Marí,Universitario,Ahorro,Dependiente,2023-01-22,9886752,2
Xavier Saldaña,Medio,Corriente,Dependiente,2022-08-09,8345683,4
Santos Luque Corbacho,Universitario,Vista,Dependiente,2024-04-22,4543307,1
Lilia Mar Vaquero Heras,Universitario,Ahorro,Cesante,2022-03-12,7701689,4
Fátima Jacinta Briones Lucena,Medio,Ahorro,Independiente,2022-01-29,6205029,1
Merche Monreal Elorza,Universitario,Vista,Dependiente,2021-04-30,8297236,3
Quique Benet Ferreras,Universitario,Corriente,Cesante,2020-12-29,1575685,4
Osvaldo del Diego,Medio,Corriente,Independiente,2022-06-17,5982949,1
Chuy Delgado Cabrera,Medio,Corriente,Cesante,2020-12-28,12771111,1
Alexandra Angelita Valentín Nuñez,Medio,Corriente,Cesante,2023-02-16,1082774,2
Griselda de Báez,Universitario,Ahorro,Dependiente,2023-03-02,1193943,2
Anita Maxi Collado Segura,Incompleto,Vista,Cesante,2022-03-26,7658604,1
Valerio Pol-Gil,Universitario,Ahorro,Independiente,2024-08-03,8945452,3
Rosalinda Montalbán Aliaga,Universitario,Corriente,Independiente,2024-01-30,1997395,1
Eli Arroyo-Sierra,Incompleto,Ahorro,Dependiente,2022-04-21,10702709,2
Francisco Jose Tejero Diez,Universitario,Ahorro,Dependiente,2024-10-13,10888952,4
Lope Alfonso Luís,Incompleto,Corriente,Dependiente,2024-01-14,4711766,4
Benito Benítez Andrade,Incompleto,Vista,Independiente,2022-01-22,1733310,4
Etelvina Caparrós Cornejo,Incompleto,Corriente,Cesante,2021-04-09,9875909,3
Sebastián Rodrigo Madrigal,Incompleto,Ahorro,Independiente,2022-08-11,5198567,4
Adrián Jódar Agustín,Universitario,Corriente,Cesante,2023-11-26,997224,4
Francisco Javier Corbacho Becerra,Universitario,Vista,Cesante,2023-11-18,1156314,2
Baltasar Barberá Salas,Incompleto,Corriente,Dependiente,2021-05-11,465953,3
Cayetana Nidia Almeida Baena,Medio,Ahorro,Dependiente,2021-09-01,595161,4
Remigio Barroso-Huertas,Incompleto,Ahorro,Dependiente,2021-07-31,4571738,3
Sebastian Pujadas Redondo,Universitario,Vista,Cesante,2023-01-10,9342521,4
Roberta Muñoz-Fonseca,Universitario,Corriente,Cesante,2022-01-25,13012204,4
Gema Calvet Paz,Incompleto,Vista,Cesante,2021-10-15,408464,2
Palmira Juliá,Incompleto,Vista,Independiente,2022-01-26,1570031,4
Candela Bosch Arnau,Incompleto,Corriente,Dependiente,2022-01-24,14936582,3
Fanny Tejera Román,Medio,Corriente,Independiente,2024-06-14,5590076,4
Emelina Arribas Bustamante,Universitario,Corriente,Cesante,2021-12-02,2575418,3
Magdalena Dominguez Galán,Incompleto,Corriente,Dependiente,2023-01-28,3516447,1
Ema Vázquez Batlle,Medio,Ahorro,Dependiente,2024-01-07,8275456,4
Amelia Riera Baquero,Medio,Ahorro,Independiente,2023-03-23,5977348,3
Teófilo Medina Bautista,Medio,Corriente,Dependiente,2021-12-04,11776565,4
Mercedes Boix Pomares,Medio,Ahorro,Dependiente,2024-10-30,3267553,4
Pilar Bonet Navarrete,Universitario,Vista,Independiente,2021-03-08,617039,1
Yago Mateo Gual,Medio,Vista,Dependiente,2021-08-24,9239399,4
Rafa Porta Pinilla,Incompleto,Ahorro,Dependiente,2023-02-04,10999739,1
Eloísa Palacios Pozuelo,Incompleto,Corriente,Dependiente,2023-12-08,8339416,3
Ana Belén Osuna Aparicio,Universitario,Corriente,Dependiente,2024-02-02,3816863,4
Virgilio Montesinos,Incompleto,Ahorro,Independiente,2021-11-30,1721584,3
Isabela Mulet Escribano,Medio,Ahorro,Dependiente,2021-01-30,9710799,1
Calixta Azcona Maza,Universitario,Corriente,Independiente,2021-01-18,3768560,1
Isidro Asensio Campos,Incompleto,Vista,Cesante,2022-04-10,4629109,3
Vicente Granados Parejo,Incompleto,Vista,Dependiente,2021-12-18,9798456,3
Octavio Cárdenas Ripoll,Medio,Ahorro,Dependiente,2021-11-19,12733306,2
Soledad Beltrán Clavero,Medio,Corriente,Independiente,2024-06-13,3177183,3
Clementina Yaiza Andrés Perera,Medio,Vista,Independiente,2022-01-01,4036381,1
Eustaquio Cándido Castañeda Saura,Universitario,Corriente,Independiente,2022-04-23,3850915,1
Paco Chamorro-Andrade,Medio,Vista,Cesante,2023-07-23,2338772,3
Arturo Río Izquierdo,Universitario,Ahorro,Cesante,2023-02-20,2685692,4
María Teresa Águeda Diaz Barba,Incompleto,Corriente,Cesante,2024-08-10,957937,3
Godofredo Castelló Tur,Medio,Ahorro,Independiente,2021-02-11,9939383,3
María Dolores León-Villena,Medio,Vista,Independiente,2023-04-24,14129696,2
Zaida Carrión Benito,Incompleto,Ahorro,Cesante,2021-03-02,9282181,4
Joaquina Cuesta Calzada,Medio,Ahorro,Cesante,2023-05-26,3719066,2
Haroldo Barrio Cepeda,Incompleto,Ahorro,Independiente,2023-12-02,11455256,1
Lola Duque Barriga,Incompleto,Vista,Independiente,2023-10-05,13738536,2
Maricruz Marí Segarra,Incompleto,Corriente,Cesante,2022-01-31,7062792,1
Martín Juan Francisco Almansa Saavedra,Medio,Corriente,Independiente,2022-01-22,4379426,1
Candela del Ochoa,Incompleto,Ahorro,Independiente,2021-10-09,9098728,4
Mónica Cabrera Ribas,Incompleto,Corriente,Independiente,2024-01-24,2954409,4
Ezequiel Manzanares García,Medio,Corriente,Dependiente,2024-08-20,6421911,3
Ramiro Montero Bueno,Medio,Ahorro,Cesante,2021-11-10,2361314,2
Jose Manuel de Font,Medio,Ahorro,Cesante,2023-10-15,11657983,2
Cornelio Granados,Medio,Ahorro,Independiente,2023-09-18,9637642,2
Moisés Bayón Egea,Universitario,Vista,Cesante,2022-06-02,13435257,3
Agustín Luján Pujadas,Incompleto,Ahorro,Independiente,2021-01-31,4570067,3
Javiera Valera Peláez,Incompleto,Vista,Cesante,2022-11-05,10304858,3
Geraldo Severo Julián Morell,Universitario,Vista,Dependiente,2021-09-29,327444,1
Melchor Zorrilla,Incompleto,Corriente,Independiente,2021-10-25,2908092,1
Jose Miguel Roman Bermúdez,Universitario,Vista,Dependiente,2021-11-05,10481740,4
Florencia Felipa Calvo Roselló,Universitario,Corriente,Dependiente,2024-08-31,7096038,1
Concepción Vallés Iborra,Universitario,Vista,Dependiente,2023-06-27,10648198,3
Ámbar Barrios Carvajal,Medio,Corriente,Independiente,2023-03-31,7059569,3
Manolo Heras Farré,Universitario,Corriente,Dependiente,2021-11-14,361532,4
Casandra de Rodriguez,Universitario,Corriente,Dependiente,2023-11-02,8611092,4
Melania Blanca-Águila,Incompleto,Vista,Independiente,2022-04-03,13664746,1
José Antonio Planas Lara,Medio,Vista,Dependiente,2022-08-31,6441946,1
Araceli Céspedes Dominguez,Incompleto,Corriente,Independiente,2023-08-04,11547095,4
Feliciana Giralt Leon,Medio,Vista,Dependiente,2021-05-14,8229087,4
Fabián Padilla Montalbán,Universitario,Ahorro,Dependiente,2022-03-04,242604,1
Valerio Lluch Carrasco,Medio,Ahorro,Dependiente,2022-09-18,13954814,2
Isaac del Ávila,Incompleto,Vista,Independiente,2024-04-08,3001177,4
Ulises Calzada Goicoechea,Medio,Vista,Independiente,2023-10-14,12963658,2
Palmira Teruel,Universitario,Ahorro,Independiente,2021-01-17,83863,2
Godofredo Edelmiro Sarabia Gallart,Incompleto,Vista,Cesante,2024-10-19,2541521,2
Inmaculada Sureda Serrano,Incompleto,Corriente,Independiente,2021-10-11,12356238,3
Máxima Roda,Universitario,Ahorro,Cesante,2020-12-29,3917878,4
María Fernanda Valderrama Saldaña,Incompleto,Vista,Dependiente,2022-11-17,9618707,1
Julia Santamaría Paz,Incompleto,Corriente,Independiente,2021-08-09,13849999,2
Alejandro del Company,Universitario,Vista,Cesante,2024-05-03,399601,1
Estrella Cepeda Estévez,Universitario,Ahorro,Cesante,2024-05-26,12674245,1
Guadalupe Maldonado-Gallart,Universitario,Ahorro,Cesante,2022-02-10,13255895,2
Fátima Ayllón Mancebo,Universitario,Corriente,Cesante,2022-11-23,13788311,1
Josefa González Castro,Medio,Corriente,Dependiente,2021-05-13,4446851,2
Noemí Lluch-Valenciano,Universitario,Vista,Independiente,2023-07-09,2161269,1
Maxi Duarte Batlle,Medio,Ahorro,Independiente,2024-02-13,3307031,4
Agapito Luján Monreal,Universitario,Corriente,Cesante,2021-06-20,11944204,3
Valero Quique Jara Rocha,Incompleto,Vista,Independiente,2022-02-26,14798913,1
Selena Beltran Escrivá,Medio,Ahorro,Dependiente,2024-07-01,3564688,4
Otilia Celia Santos Cervera,Medio,Corriente,Cesante,2023-07-08,6840276,2
Sigfrido Piquer Cañas,Incompleto,Vista,Cesante,2022-05-02,11556338,1
Sandalio Camps Escalona,Medio,Vista,Cesante,2023-06-12,14853174,1
Fernanda Pozuelo Pablo,Incompleto,Ahorro,Cesante,2021-10-09,13431741,2
Alejo Gonzalo Espejo Contreras,Incompleto,Vista,Independiente,2022-01-12,6591370,2
José Mari Galan,Incompleto,Vista,Dependiente,2022-09-04,4621992,1
Nélida del Tur,Medio,Corriente,Cesante,2021-07-28,2295560,3
Victoria Lastra Riera,Incompleto,Corriente,Cesante,2024-07-20,3919003,3
Heraclio Barrena Pedrosa,Incompleto,Corriente,Cesante,2021-06-27,11468188,4
Amando Luz Chaparro,Medio,Corriente,Cesante,2022-12-27,5927024,3
Eliseo de Montaña,Medio,Ahorro,Independiente,2023-11-29,8996213,1
Vicente de Campo,Incompleto,Corriente,Independiente,2021-10-07,12377769,1
Corona Pereira Galan,Incompleto,Ahorro,Cesante,2024-10-28,7554547,2
Eligia Cárdenas Serna,Incompleto,Vista,Cesante,2022-02-09,10373207,4
Ascensión Zabala Gárate,Incompleto,Ahorro,Independiente,2021-10-30,6071388,4
Gabriela Múgica-Escudero,Medio,Ahorro,Dependiente,2022-05-30,5251227,1
Vasco Acuña Miguel,Incompleto,Vista,Cesante,2022-06-04,1880821,1
Isaac Valencia Espada,Incompleto,Ahorro,Dependiente,2022-09-04,3134823,2
Tania Vigil Barceló,Incompleto,Vista,Independiente,2023-09-16,1476034,1
Ciro Guitart Bello,Medio,Corriente,Dependiente,2023-07-14,12655809,4
Ofelia Galindo Cabo,Incompleto,Ahorro,Cesante,2024-01-17,5356313,4
Nicolasa Lopez Valls,Universitario,Ahorro,Cesante,2023-06-05,10067664,4
Ale Barba Hidalgo,Incompleto,Corriente,Dependiente,2021-06-26,10199087,3
Severiano Javi Tudela Navas,Medio,Vista,Cesante,2022-10-22,7766466,1
Román Pablo Gibert Romeu,Universitario,Corriente,Independiente,2023-08-25,2710289,4
Susanita Solsona Gisbert,Incompleto,Vista,Cesante,2023-03-03,11402627,3
Maximiano Heras Esteban,Medio,Ahorro,Independiente,2023-10-12,273677,2
Rosa Vilma Alcántara Paz,Medio,Vista,Independiente,2023-06-02,11145390,1
Gervasio Roldan Cañas,Incompleto,Corriente,Cesante,2022-03-11,6113020,2
Cándido Aguirre-Mancebo,Universitario,Vista,Dependiente,2023-01-06,1957998,3
Sonia Macías Cañellas,Medio,Ahorro,Independiente,2023-11-18,11445104,1
Teófila Riquelme Múñiz,Incompleto,Ahorro,Cesante,2023-02-27,14935287,2
Eduardo Jordán-Guillen,Incompleto,Ahorro,Independiente,2021-11-22,12026701,2
Lidia Carpio,Universitario,Ahorro,Independiente,2024-02-05,9206209,1
Darío del Ferrando,Medio,Corriente,Independiente,2021-05-11,9515783,2
Toño Galván Almansa,Incompleto,Vista,Cesante,2023-10-30,8194913,4
Enrique Isern Lorenzo,Incompleto,Vista,Cesante,2023-06-30,6468321,1
Rebeca Reyna Pou Cepeda,Universitario,Ahorro,Cesante,2023-07-21,13663137,2
Eric Rodríguez Tur,Universitario,Ahorro,Dependiente,2024-07-16,4487414,1
Nilo Ferreras Asensio,Incompleto,Vista,Independiente,2022-09-28,8882924,2
Antonio Sarabia Gallart,Universitario,Corriente,Cesante,2023-09-01,10650939,3
Inés Guillen Aguilera,Universitario,Vista,Independiente,2021-09-22,1703329,2
Eli Oliver,Medio,Vista,Dependiente,2022-02-23,6921390,1
Fidel de Sancho,Incompleto,Vista,Independiente,2022-05-30,2050870,4
Rubén Fiol Amorós,Universitario,Ahorro,Independiente,2023-11-10,8395878,1
Bartolomé Nebot Diéguez,Incompleto,Corriente,Dependiente,2021-05-28,4332418,3
Francisco Blanco Quintero,Universitario,Vista,Dependiente,2022-11-20,3226434,1
Pablo de Campillo,Incompleto,Corriente,Dependiente,2022-10-05,7418840,3
Aureliano Feijoo Barbero,Universitario,Ahorro,Independiente,2021-05-15,11720691,1
Onofre Franch-Benavides,Incompleto,Vista,Cesante,2020-11-29,6826351,1
Felicidad Chita Barros Jódar,Universitario,Ahorro,Independiente,2024-11-09,14208613,1
Luisina Georgina Martí Domínguez,Universitario,Ahorro,Cesante,2020-12-03,14734916,4
Yago del Navarrete,Universitario,Vista,Dependiente,2022-02-14,8038497,1
Maxi Encarnación Orozco Villegas,Medio,Ahorro,Independiente,2021-09-13,13316417,2
Valero Prado Barba,Universitario,Corriente,Independiente,2022-11-22,12306197,1
Domingo Larrañaga Alemán,Medio,Ahorro,Dependiente,2022-10-13,7546488,2
Moisés de Alvarez,Universitario,Vista,Independiente,2023-08-25,1053458,4
Ana Somoza Chacón,Incompleto,Corriente,Dependiente,2022-04-09,10450570,1
Evita Bauzà Amigó,Universitario,Corriente,Independiente,2023-11-29,13844077,3
Mireia Riquelme Alonso,Universitario,Vista,Independiente,2024-09-17,6245745,1
Prudencio del López,Incompleto,Corriente,Independiente,2022-08-24,11448966,1
Liliana Asenjo Blanco,Incompleto,Vista,Independiente,2023-04-25,13596449,3
Apolinar Iriarte Vizcaíno,Universitario,Corriente,Cesante,2024-03-30,7858813,4
Carmina Calixta Gil Mateos,Incompleto,Ahorro,Dependiente,2021-09-02,3654944,1
Soraya Carrera Clavero,Incompleto,Ahorro,Independiente,2024-06-01,1685142,1
Hermenegildo Amorós Roselló,Universitario,Vista,Dependiente,2021-09-18,4676571,1
Pepita Azeneth Bustos Cal,Universitario,Ahorro,Cesante,2024-05-10,12338221,4
Moreno Cámara Arias,Medio,Vista,Cesante,2024-06-26,12307798,1
Vicente Terrón Echeverría,Universitario,Ahorro,Cesante,2024-06-20,1838719,2
Araceli Arrieta Tirado,Incompleto,Vista,Dependiente,2024-08-04,7470807,1
Ana Belén Cazorla,Incompleto,Vista,Independiente,2023-04-25,11812304,3
Judith Ribas Becerra,Medio,Vista,Cesante,2022-10-04,6679574,4
Maricruz Carrión-Mayo,Incompleto,Corriente,Independiente,2024-10-19,1200747,2
Irma Calvet Busquets,Medio,Ahorro,Cesante,2024-05-13,12671734,4
Duilio Perales Arnal,Medio,Ahorro,Independiente,2024-07-09,10972445,1
Benigna Garriga Aguirre,Medio,Ahorro,Dependiente,2021-02-20,1484749,4
Ainoa del Ochoa,Universitario,Ahorro,Independiente,2024-07-10,1185023,4
Genoveva de Ocaña,Incompleto,Vista,Cesante,2020-12-20,6219744,2
Óscar Aguiló,Medio,Vista,Independiente,2022-06-16,1578312,1
Eva María Padilla Salamanca,Medio,Ahorro,Cesante,2024-09-13,7973965,2
Hermenegildo Expósito Alarcón,Incompleto,Vista,Dependiente,2023-06-07,479792,3
Jacinta de Valcárcel,Incompleto,Vista,Independiente,2023-10-16,608181,3
Baudelio Coll Amaya,Incompleto,Corriente,Dependiente,2022-03-26,1152465,1
Serafina Haro Camps,Universitario,Corriente,Cesante,2023-09-22,10649008,2
Noelia Fabra,Universitario,Vista,Cesante,2022-10-11,11106564,4
Mayte Cuesta-Luís,Incompleto,Corriente,Cesante,2023-12-15,14031981,4
Virginia Cal Morell,Incompleto,Corriente,Independiente,2024-02-03,8486365,3
Victor Manuel Llamas Aparicio,Universitario,Ahorro,Cesante,2021-12-12,1149299,1
Sandalio Costa Uría,Medio,Ahorro,Cesante,2023-02-08,417194,2
Santos Castell Grau,Universitario,Corriente,Independiente,2024-08-05,5388508,1
Leandro Vilanova Villa,Medio,Ahorro,Cesante,2024-05-15,7081623,2
Azahara Álvarez Yáñez,Incompleto,Ahorro,Dependiente,2022-11-14,12795882,1
Milagros Casas Barrena,Medio,Ahorro,Cesante,2024-05-11,43178,2
Gaspar Arco-Guillén,Universitario,Ahorro,Dependiente,2021-10-03,9247121,2
Íñigo Molina,Universitario,Vista,Dependiente,2024-06-22,6816469,3
Begoña Alegre Blázquez,Medio,Vista,Dependiente,2023-12-26,4558193,1
Rosenda Manuela Ángel Pazos,Universitario,Ahorro,Independiente,2022-11-21,14315644,4
Ainoa Viviana Bertrán Julián,Incompleto,Ahorro,Dependiente,2022-09-21,10204871,3
Agustín Lerma,Universitario,Ahorro,Dependiente,2022-08-14,13185003,3
Silvia Polo-Nieto,Universitario,Corriente,Cesante,2022-07-06,1819321,2
Rogelio Armas,Universitario,Vista,Dependiente,2023-03-17,8917889,3
Cipriano Vallejo Vergara,Incompleto,Vista,Independiente,2022-06-29,3020202,3
Amado Castellanos Jiménez,Incompleto,Corriente,Independiente,2021-08-27,8016797,2
Soledad Cervera Ribas,Medio,Vista,Independiente,2023-11-06,7137240,4
Aitor Marquez Torrents,Universitario,Ahorro,Independiente,2020-12-19,13094942,4
María Carmen de Boix,Incompleto,Vista,Cesante,2022-09-10,11647322,1
Celestino Pelayo Carbonell,Incompleto,Ahorro,Dependiente,2021-03-22,13736372,1
Poncio Llamas Villaverde,Incompleto,Corriente,Dependiente,2022-07-11,10324059,3
Valentina Salomé Cortina Cerezo,Universitario,Ahorro,Dependiente,2021-07-14,484354,1
Rafa Sanchez Jove,Incompleto,Ahorro,Dependiente,2023-08-29,5173708,1
Américo Boada Camacho,Medio,Ahorro,Dependiente,2021-03-31,49729,1
Claudia Pujol-Verdugo,Medio,Vista,Dependiente,2021-10-16,8162467,4
Gracia Bertrán,Incompleto,Vista,Cesante,2024-04-29,7468042,4
Germán Uriarte Ferrera,Universitario,Vista,Dependiente,2022-05-24,8738265,1
Manuel Gárate Cerezo,Universitario,Vista,Independiente,2021-10-15,12703666,3
Alejandro Borrego Alcaraz,Universitario,Ahorro,Independiente,2024-09-26,2432970,1
Valentín Bou Barrena,Universitario,Vista,Dependiente,2023-01-11,9598596,2
Carla Adán Guzmán,Incompleto,Corriente,Cesante,2024-07-10,10593354,2
Natalio Folch,Universitario,Vista,Dependiente,2022-12-24,9720522,4
Josefina Nicolau,Medio,Vista,Cesante,2021-12-29,12137466,1
Reyes Martín Arnaiz,Medio,Ahorro,Dependiente,2024-02-08,8487941,1
Eloy Codina Cabezas,Medio,Corriente,Independiente,2022-08-17,14908411,4
Samu Amores Aguado,Medio,Corriente,Cesante,2021-01-23,12036478,2
Emperatriz Cañas Puente,Medio,Corriente,Dependiente,2021-09-14,14143315,1
Abraham Pineda-Exposito,Universitario,Ahorro,Cesante,2022-05-17,13648475,2
Roxana Agudo Morán,Medio,Corriente,Independiente,2021-07-19,6584052,2
Benito Velasco,Incompleto,Ahorro,Cesante,2024-03-18,1348833,2
Anna Ainara Garcia Ribas,Incompleto,Corriente,Dependiente,2023-04-29,9569989,4
Irene Pino Amador,Incompleto,Vista,Cesante,2022-03-25,10772351,2
Concepción Arranz Cornejo,Incompleto,Corriente,Cesante,2024-01-03,3644373,2
Jose del Alcolea,Medio,Corriente,Cesante,2020-12-19,14746840,2
Alfredo del Araujo,Incompleto,Ahorro,Independiente,2021-05-29,10037475,1
Rico Roig Antúnez,Incompleto,Vista,Independiente,2023-12-04,12890865,2
María Belén del Serra,Universitario,Vista,Cesante,2021-08-02,11007612,2
Ágata Badía Criado,Medio,Corriente,Cesante,2024-03-23,9014811,4
Josefa Garcés Expósito,Incompleto,Ahorro,Dependiente,2021-12-07,7846398,4
Gertrudis Villalba Solsona,Incompleto,Vista,Cesante,2023-04-29,13117279,3
Jose Lara Ibáñez,Incompleto,Corriente,Independiente,2024-01-09,666046,2
Bautista Alemany Olivé,Medio,Vista,Independiente,2021-04-27,12987535,2
Abilio Lozano Cañizares,Universitario,Ahorro,Independiente,2024-09-04,10674486,3
Dani Tena Exposito,Universitario,Corriente,Cesante,2024-07-28,8845510,2
Eutropio Cuéllar Carbonell,Incompleto,Vista,Independiente,2022-09-03,5518427,4
Joaquina de Cueto,Universitario,Corriente,Dependiente,2022-09-26,8137825,2
Josep López Yáñez,Incompleto,Ahorro,Cesante,2022-04-11,4088562,3
Paloma Celestina Sedano Alcázar,Universitario,Corriente,Independiente,2022-08-20,7614883,2
Ligia Berrocal Ferrera,Medio,Ahorro,Cesante,2021-05-31,8934162,4
Mónica del Mendez,Universitario,Ahorro,Independiente,2021-04-14,2297622,2
Primitiva Rodrigo Barriga,Universitario,Vista,Independiente,2024-01-25,13369979,3
Etelvina Pla Menéndez,Universitario,Ahorro,Dependiente,2023-05-11,654658,4
Maura de Esteban,Incompleto,Ahorro,Dependiente,2022-12-14,6391646,1
Juan Bautista Peña Barrios,Medio,Vista,Dependiente,2023-02-26,4682275,1
Manuela Luís Riba,Incompleto,Corriente,Dependiente,2024-03-05,8442677,1
Manuelita Bosch Comas,Medio,Vista,Dependiente,2022-09-19,3408805,4
Guadalupe Pujadas Carnero,Incompleto,Vista,Cesante,2021-01-25,13587701,4
Paco Puente Prada,Medio,Vista,Cesante,2023-10-26,3081382,4
Eusebia Quesada Hernandez,Medio,Ahorro,Independiente,2023-10-02,7242552,4
Priscila Carretero,Incompleto,Corriente,Cesante,2024-07-31,2262828,1
Jordana Palomar,Incompleto,Vista,Independiente,2023-02-16,3551339,4
Estela Anunciación Núñez Herrera,Universitario,Ahorro,Independiente,2021-12-14,13416115,1
Amor del Garriga,Medio,Ahorro,Dependiente,2024-08-20,14760291,4
María Manuela de Ferreras,Incompleto,Corriente,Dependiente,2020-12-24,2238456,1
Rocío Jimenez-Galan,Incompleto,Ahorro,Dependiente,2023-10-24,6812933,4
Corona Pacheco Cardona,Incompleto,Ahorro,Cesante,2024-10-11,8541258,1
Evangelina Beltran Grau,Incompleto,Ahorro,Dependiente,2021-06-24,13823642,2
Florentina Pozuelo Álvarez,Incompleto,Vista,Independiente,2021-03-22,3130394,2
Anselma Ricart-Antón,Incompleto,Vista,Independiente,2022-06-29,11907951,3
Alejo Lamas Jáuregui,Incompleto,Vista,Cesante,2024-10-09,7223147,2
Cándida del Castañeda,Universitario,Ahorro,Independiente,2024-02-11,4478359,4
María Uriarte,Universitario,Vista,Cesante,2023-08-06,5746245,4
Juana León Manzanares,Medio,Vista,Independiente,2023-08-28,6141513,3
Abril Luz Gomez Catalán,Universitario,Ahorro,Cesante,2022-06-01,14074832,4
Ruben Gálvez Santos,Medio,Ahorro,Cesante,2021-02-01,14280928,2
Luís Arellano Amigó,Universitario,Corriente,Dependiente,2024-11-02,1618075,2
Calixta Abella Álvaro,Incompleto,Corriente,Dependiente,2024-10-14,9042591,1
Alma Madrigal Riba,Universitario,Corriente,Independiente,2021-09-28,11047912,4
Arcelia Santamaria Bermejo,Universitario,Corriente,Independiente,2023-06-10,14574821,2
Ildefonso Salazar Zapata,Incompleto,Corriente,Independiente,2024-11-18,3460171,2
Juanito Morata Granados,Incompleto,Ahorro,Independiente,2021-07-04,8765160,2
Pío Montenegro Landa,Universitario,Vista,Independiente,2022-05-16,12444734,2
Paola Lara-Rocha,Universitario,Ahorro,Independiente,2022-01-27,14758952,3
Eloy Angulo Rosales,Medio,Vista,Dependiente,2023-11-06,7914870,2
Teófilo del Chico,Universitario,Corriente,Independiente,2023-11-03,9658841,1
Jose Ignacio del Clavero,Universitario,Ahorro,Independiente,2021-08-18,9499877,2
Lupe Cabañas Peñas,Universitario,Vista,Cesante,2022-09-08,7187785,1
Fanny Barberá Pla,Medio,Ahorro,Cesante,2023-01-07,7452697,4
Urbano Aragón Rios,Medio,Ahorro,Cesante,2023-03-07,10066284,4
América Magdalena Mosquera Bustos,Incompleto,Ahorro,Dependiente,2024-02-05,6419820,1
Octavia Gabaldón Quiroga,Universitario,Ahorro,Independiente,2023-05-24,2711071,4
Blas de Guillen,Universitario,Corriente,Dependiente,2022-06-11,14227912,1
Vinicio Carrera Marquez,Medio,Corriente,Independiente,2023-12-21,7890754,3
Haroldo Ordóñez Carbajo,Universitario,Vista,Independiente,2021-11-20,7102936,2
Rita Maristela Miguel Berrocal,Incompleto,Ahorro,Dependiente,2023-08-16,13010787,4
Agapito Solera-Rodriguez,Incompleto,Corriente,Independiente,2022-08-22,14736214,1
Eutimio de Soto,Universitario,Vista,Cesante,2023-06-17,7218333,2
Espiridión Bejarano Rey,Universitario,Corriente,Dependiente,2022-10-18,14749893,2
Dulce Arco-Figueras,Universitario,Vista,Dependiente,2023-10-15,6046969,2
Manu Etelvina Mayol Vaquero,Medio,Vista,Independiente,2023-08-21,9013938,2
Rodolfo Cortes-Porcel,Medio,Ahorro,Cesante,2020-12-20,5836498,1
Pía Albina Echeverría Mesa,Universitario,Vista,Dependiente,2022-01-15,9125904,1
Victoria Pombo Larrañaga,Universitario,Vista,Cesante,2022-05-03,13667766,2
Encarna Ramón Estévez,Incompleto,Ahorro,Cesante,2022-05-10,11187638,3
Ruth Luís Nicolás,Medio,Corriente,Independiente,2022-10-06,7098223,4
Xavier Otero Belmonte,Universitario,Corriente,Independiente,2024-05-02,615356,1
Noé Marin Alvarado,Incompleto,Corriente,Cesante,2023-05-13,784394,3
Inmaculada Villalonga-Alcolea,Incompleto,Corriente,Independiente,2021-11-01,6791901,2
Itziar Sáenz Fuster,Medio,Vista,Dependiente,2024-09-24,6571264,3
Ruy Muro,Medio,Vista,Dependiente,2022-06-22,2036474,4
Encarnita Aranda Real,Universitario,Corriente,Dependiente,2021-05-08,12030541,2
Aristides Balaguer,Universitario,Ahorro,Cesante,2023-10-23,8937781,3
Sandra Ramirez Egea,Universitario,Vista,Cesante,2022-06-27,8222023,4
Isidro Jaén Melero,Medio,Ahorro,Cesante,2022-06-21,7403530,2
Urbano Gelabert,Medio,Vista,Dependiente,2022-05-06,7364858,1
Hector Ortiz Cordero,Medio,Ahorro,Dependiente,2022-07-31,3669426,3
Chus de Mosquera,Incompleto,Vista,Cesante,2022-12-05,11868479,3
Marianela Almeida Fernandez,Incompleto,Vista,Independiente,2024-05-16,9906306,1
Manuela Teodora Pedro Heredia,Universitario,Ahorro,Independiente,2024-01-30,3088318,4
Pepito Diego,Incompleto,Ahorro,Cesante,2022-11-17,12423402,1
Marino Seco Losada,Medio,Corriente,Independiente,2022-04-28,5726164,1
Calixta Mariana Goñi Morcillo,Universitario,Ahorro,Cesante,2023-08-09,12442943,1
Demetrio Saldaña Diez,Incompleto,Ahorro,Cesante,2024-02-26,8252848,3
Eloísa Guardia-Campos,Universitario,Corriente,Independiente,2024-08-20,7453693,1
Juan Carlos Martínez Asensio,Medio,Corriente,Independiente,2024-10-24,11181278,1
Manuelita Simó Morillo,Incompleto,Corriente,Independiente,2022-02-23,2331110,4
Rico Llorens Landa,Incompleto,Ahorro,Dependiente,2024-07-17,4715440,4
Alfonso España Cerezo,Universitario,Vista,Dependiente,2022-12-25,7552448,4
Cayetana Ros Puerta,Incompleto,Corriente,Dependiente,2023-05-31,2245710,1
Carmela Fonseca Milla,Medio,Ahorro,Independiente,2024-02-01,2848557,3
Susana de Quevedo,Incompleto,Corriente,Cesante,2022-12-09,14304405,2
Rufina Mancebo Juárez,Universitario,Ahorro,Dependiente,2021-02-04,9864384,4
Palmira Arias Contreras,Medio,Ahorro,Independiente,2021-10-05,3301169,2
Fito Espinosa Linares,Medio,Ahorro,Independiente,2024-01-07,13815531,4
Eligio Llobet-Pascual,Medio,Ahorro,Independiente,2021-09-29,4409000,2
Roxana Fabregat Martí,Universitario,Vista,Dependiente,2023-10-07,11410416,4
Eloy Cabello Caparrós,Incompleto,Vista,Dependiente,2024-08-24,7769560,3
Juan Carlos Manso Terrón,Universitario,Corriente,Independiente,2022-09-17,14343413,1
Humberto Vizcaíno Francisco,Incompleto,Corriente,Cesante,2023-04-27,766183,4
Bernabé del Bueno,Universitario,Corriente,Dependiente,2023-09-18,12417448,4
Amor Valera Bou,Incompleto,Vista,Cesante,2021-01-29,9527146,4
Emiliano Piña Abascal,Universitario,Corriente,Cesante,2023-01-11,4236566,1
Isaac Trillo Diez,Incompleto,Vista,Independiente,2023-11-21,2868689,4
Basilio de Girona,Universitario,Ahorro,Cesante,2023-05-28,13743650,2
Nazaret Cabezas Corbacho,Universitario,Vista,Cesante,2024-03-11,2680109,1
Esmeralda Carbonell Botella,Incompleto,Ahorro,Cesante,2022-06-12,12286276,4
Bárbara Galván Ferrera,Universitario,Corriente,Dependiente,2021-05-25,9386671,3
Verónica Bellido,Incompleto,Corriente,Cesante,2023-04-03,11160677,2
Priscila Edelmira Paniagua Roldan,Universitario,Ahorro,Cesante,2021-08-30,8344743,2
Miguel Ángel Segovia Cabezas,Incompleto,Corriente,Independiente,2022-02-04,3492006,1
Laura de Vaquero,Universitario,Vista,Cesante,2022-04-29,509,3
Maribel Ferrer Zamora,Incompleto,Vista,Cesante,2024-11-16,10396742,3
Ramiro Belmonte-Jara,Incompleto,Vista,Dependiente,2024-05-30,12244222,2
Mariano del Canales,Incompleto,Ahorro,Dependiente,2021-11-04,1246127,4
Dionisio Alegre Elías,Universitario,Vista,Dependiente,2022-07-26,7427006,3
Vera Angulo Murcia,Incompleto,Ahorro,Cesante,2024-02-06,2157851,3
Gisela Boix Espinosa,Medio,Ahorro,Cesante,2021-04-07,14599997,3
Marc Yáñez-Parra,Universitario,Vista,Cesante,2024-01-14,9483292,2
Aníbal Asensio Amigó,Medio,Corriente,Dependiente,2023-07-23,11669271,3
Concepción Cabanillas Calleja,Medio,Corriente,Dependiente,2021-05-27,5235687,2
Olga Leocadia Pazos Asenjo,Incompleto,Vista,Dependiente,2021-12-17,5429654,2
Bibiana Alondra Riba Tirado,Medio,Ahorro,Independiente,2021-02-15,1447641,4
Margarita Llorente Riquelme,Incompleto,Vista,Dependiente,2023-07-31,5840997,3
Rocío Cifuentes Tormo,Medio,Corriente,Independiente,2024-07-15,2025006,3
Efraín Izaguirre Corral,Incompleto,Corriente,Dependiente,2024-04-23,9095900,3
Venceslás de Llorens,Universitario,Vista,Dependiente,2021-03-03,14402611,4
Liliana Débora Abril Carmona,Medio,Ahorro,Cesante,2022-08-18,8948042,4
Lino de Revilla,Incompleto,Vista,Independiente,2022-02-08,244522,1
Camila Inés Marin Palacios,Medio,Corriente,Independiente,2021-10-14,8213488,1
Julia Castro Puerta,Incompleto,Ahorro,Cesante,2022-05-01,14101129,4
Darío de Calderon,Incompleto,Corriente,Independiente,2021-08-10,11887316,1
Ofelia Benitez Olivera,Universitario,Corriente,Dependiente,2023-11-24,4783192,4
Ángel Hurtado,Incompleto,Corriente,Independiente,2021-09-12,8609073,1
Prudencia Aguiló Benito,Medio,Ahorro,Cesante,2022-08-30,3425103,4
Nidia Cáceres Gutierrez,Universitario,Vista,Cesante,2023-03-09,1414053,2
Itziar Fuente Burgos,Incompleto,Corriente,Dependiente,2021-09-20,6239366,1
Fermín Morán Jiménez,Universitario,Ahorro,Cesante,2022-06-28,10551743,3
Fidela Amat Martí,Incompleto,Corriente,Dependiente,2023-03-04,3558002,2
Cristian Sabas Tomas Vergara,Incompleto,Ahorro,Cesante,2022-04-25,13389730,4
Maribel Llabrés Rincón,Incompleto,Ahorro,Cesante,2021-11-21,13907576,1
Francisco Bas Roig,Medio,Ahorro,Cesante,2021-04-28,5613354,2
Salomón Páez Villegas,Incompleto,Ahorro,Dependiente,2022-12-26,6205324,1
Juan Manuel Barriga Sans,Universitario,Ahorro,Cesante,2022-04-21,10155,1
Gerardo Bartolomé Barreda,Medio,Vista,Independiente,2021-10-10,12722071,2
Felicia de Pomares,Universitario,Vista,Dependiente,2020-12-24,13714279,1
Eugenia Cortina Diaz,Incompleto,Corriente,Cesante,2022-06-07,966698,3
María Ángeles Manso,Incompleto,Ahorro,Independiente,2022-11-10,1884790,4
Evelia Bautista Matas,Medio,Corriente,Dependiente,2024-02-17,4218416,3
Sancho Niño Menéndez,Incompleto,Vista,Dependiente,2023-06-09,1673821,3
Yaiza Bellido,Incompleto,Ahorro,Cesante,2023-01-24,2709531,4
Mirta Pulido,Medio,Ahorro,Dependiente,2022-04-20,439635,2
Leonardo del Padilla,Incompleto,Corriente,Cesante,2024-10-08,5073933,4
Victorino de Sacristán,Incompleto,Corriente,Dependiente,2022-10-25,11502949,4
María Ángeles Riera-Guzman,Universitario,Vista,Dependiente,2022-08-27,14436562,3
Fabio Contreras-Tejero,Universitario,Corriente,Dependiente,2023-03-25,13556274,4
Rico de Lopez,Medio,Vista,Cesante,2023-07-03,8755255,1
Eusebio Palomar,Incompleto,Vista,Dependiente,2023-06-22,508624,2
Iker Barros Catalá,Universitario,Vista,Dependiente,2023-09-08,10213422,1
Marianela Abigaíl Manrique Vázquez,Medio,Vista,Cesante,2021-04-28,6955676,1
Xavier Palma-Gonzalo,Universitario,Corriente,Dependiente,2023-06-05,9088707,3
Lucho Alfaro Collado,Universitario,Corriente,Cesante,2022-06-24,6107565,1
Isaac Escolano Higueras,Universitario,Vista,Cesante,2022-09-01,5737261,1
Abril Botella-Melero,Incompleto,Ahorro,Cesante,2022-01-29,14861667,2
Arsenio Murillo Hidalgo,Universitario,Vista,Cesante,2023-07-09,5564536,2
Ximena Viana Pascual,Medio,Vista,Dependiente,2022-12-03,9260838,1
Lalo Cáceres Morante,Incompleto,Ahorro,Dependiente,2022-03-03,8625784,2
Laura Abascal,Universitario,Ahorro,Independiente,2024-06-21,9288290,2
Matías Almeida Perelló,Universitario,Ahorro,Cesante,2023-03-04,3384899,4
Carlos Clemente Casares Carmona,Incompleto,Corriente,Independiente,2021-10-05,7387933,2
Reyes Borrás Cuevas,Incompleto,Corriente,Cesante,2023-04-23,1080650,3
Aránzazu Sáez Ribas,Medio,Corriente,Dependiente,2024-05-30,4247125,2
Jacinto Blanco Palomino,Universitario,Ahorro,Cesante,2021-10-24,2381285,3
Máxima Juan Hoyos,Medio,Corriente,Independiente,2023-01-30,5248300,4
Wilfredo Tapia,Medio,Vista,Dependiente,2021-02-25,13268016,3
Noé Varela Tovar,Medio,Vista,Independiente,2021-07-31,422601,1
Sabina Aroa Samper Fiol,Medio,Ahorro,Independiente,2022-07-11,7113115,1
Áurea Gallardo-Hidalgo,Medio,Vista,Cesante,2023-12-21,13395408,2
Edmundo Zamora Ortuño,Universitario,Corriente,Dependiente,2022-02-14,10552368,4
Josefina de Parra,Incompleto,Corriente,Dependiente,2024-06-24,7641490,2
María Cuervo Calderón,Medio,Corriente,Cesante,2023-12-31,4921135,4
Anastasia Redondo-Almagro,Incompleto,Ahorro,Dependiente,2022-10-24,13398372,2
Américo Rubio-Barceló,Medio,Ahorro,Dependiente,2021-12-21,2486188,4
Cruz Barbero Ferrández,Medio,Ahorro,Dependiente,2023-12-18,7845523,1
Nuria Torre-Conde,Medio,Vista,Cesante,2024-04-05,4349345,1
Visitación Julie Ibarra Amor,Medio,Corriente,Independiente,2022-05-23,5345729,3
Macarena Susana Juan Torralba,Universitario,Ahorro,Cesante,2023-09-26,13284022,3
Lilia Cámara Bartolomé,Medio,Corriente,Dependiente,2023-11-23,14393908,4
Clara Domitila Colom Escrivá,Medio,Ahorro,Cesante,2023-06-01,5565268,1
Eli Arce,Incompleto,Ahorro,Dependiente,2024-10-08,1729381,3
María de Ochoa,Universitario,Vista,Dependiente,2022-10-24,4281641,1
Julio Montes-Mascaró,Incompleto,Ahorro,Dependiente,2021-09-12,7642825,2
Paulina Sebastián Solana,Incompleto,Corriente,Dependiente,2022-10-11,1447308,2
Luciano Onofre Artigas Tejera,Universitario,Corriente,Independiente,2023-07-11,4990344,1
Fanny Maura Garrido Gomez,Medio,Corriente,Dependiente,2021-08-01,12269706,1
Teodosio Valera Pallarès,Medio,Ahorro,Cesante,2023-03-08,14864139,3
Domitila Isaura Moles Ángel,Medio,Corriente,Dependiente,2021-12-05,13778643,1
Paola Aparicio-Casas,Incompleto,Ahorro,Independiente,2021-12-29,9833289,3
Valerio Fuentes-Pavón,Medio,Ahorro,Cesante,2022-01-12,2087416,2
Leocadio Neira García,Universitario,Ahorro,Cesante,2021-07-21,872186,2
Ruperta del Lloret,Medio,Ahorro,Dependiente,2022-05-17,1849134,3
Luna Ariza Barceló,Universitario,Vista,Dependiente,2021-08-12,11701480,2
Amada Villar Mora,Medio,Vista,Independiente,2024-02-09,4622088,2
Martina Emelina Cepeda Casanovas,Medio,Ahorro,Cesante,2023-02-02,909854,4
Vinicio Jaime Luz Canales,Incompleto,Corriente,Independiente,2022-09-25,12164481,2
Tecla Cobo Benavent,Medio,Ahorro,Independiente,2021-12-26,1207114,2
Ricarda Vargas Rodriguez,Incompleto,Vista,Independiente,2021-08-15,1251178,3
Loreto Garmendia Dávila,Incompleto,Ahorro,Dependiente,2023-11-13,5184612,3
Leonardo Oliva Bustos,Incompleto,Vista,Cesante,2023-04-04,10251983,4
Adán Antúnez,Incompleto,Ahorro,Independiente,2021-03-10,5659245,4
Maxi Caro,Medio,Vista,Independiente,2023-12-25,6188749,3
Carmelo Erasmo Ferrero Alberola,Universitario,Vista,Cesante,2023-07-31,8165803,3
Bernarda de Valencia,Incompleto,Vista,Cesante,2021-11-24,7846477,1
Martin Gutiérrez Haro,Medio,Corriente,Independiente,2024-09-14,3533287,3
Esteban Rey,Incompleto,Ahorro,Cesante,2023-03-18,5166307,2
Violeta Alfaro,Medio,Corriente,Cesante,2022-11-24,10741086,3
Herberto Martínez Ramón,Universitario,Vista,Cesante,2021-09-16,1886984,1
Fabricio Barragán Zapata,Incompleto,Vista,Independiente,2022-09-01,9020013,4
Reina Escobar Torre,Universitario,Corriente,Independiente,2021-01-30,10518273,3
Oriana Real-Llanos,Incompleto,Ahorro,Independiente,2022-12-01,14198853,3
Iker Marti Zorrilla,Incompleto,Corriente,Cesante,2024-05-22,13873380,3
Apolinar Jordá,Incompleto,Vista,Dependiente,2022-02-21,10136245,1
Ariadna de Benavides,Incompleto,Vista,Independiente,2024-05-21,12038266,4
Bernardino Raimundo García Aznar,Medio,Corriente,Dependiente,2023-04-26,1672293,2
Segismundo Bueno,Medio,Vista,Dependiente,2022-04-25,9297153,3
Espiridión Arrieta Rocamora,Incompleto,Corriente,Dependiente,2024-04-20,13508843,3
Almudena Salvà Mateu,Universitario,Ahorro,Cesante,2022-08-31,13247570,2
Noa Diego-Estévez,Medio,Corriente,Independiente,2023-10-07,2184354,2
Sancho Ortuño Aranda,Universitario,Vista,Independiente,2022-09-05,11561727,3
Nazaret del Puente,Universitario,Corriente,Independiente,2022-04-06,8276164,2
Luciano del Solís,Universitario,Vista,Independiente,2024-06-18,13695221,2
Néstor Eduardo Casal Sedano,Incompleto,Corriente,Dependiente,2021-12-15,7013352,1
Sebastian Carballo-Oliva,Medio,Vista,Dependiente,2022-03-26,9401517,4
Juanita Riquelme Garriga,Universitario,Ahorro,Independiente,2022-03-27,4025894,3
Nélida Sara Páez Escudero,Medio,Vista,Cesante,2021-07-25,10777458,3
Ricarda Villalonga Marqués,Medio,Ahorro,Dependiente,2022-02-05,8328888,4
Carmen Acuña Plaza,Universitario,Corriente,Cesante,2022-09-30,4706300,1
Eliseo Beltran Pina,Incompleto,Vista,Dependiente,2023-02-21,8427477,2
Nacho Reyes Vendrell,Universitario,Corriente,Independiente,2024-01-12,7012602,2
Nacho Olmo Ferrán,Universitario,Vista,Dependiente,2023-03-21,4912668,1
Jerónimo de Nieto,Medio,Ahorro,Dependiente,2023-09-15,5072065,1
Carlito Pombo Calderón,Medio,Ahorro,Independiente,2022-08-15,3224798,3
Camila de Tomas,Incompleto,Corriente,Cesante,2022-10-22,9434210,4
Chema Arnal Mora,Medio,Corriente,Dependiente,2023-10-28,13461191,4
Josefina Noriega Marín,Medio,Corriente,Cesante,2023-01-04,12293901,1
Lupe Velázquez-Lobato,Universitario,Vista,Independiente,2022-07-17,11208644,2
Lupe Ruano Morillo,Incompleto,Ahorro,Dependiente,2023-03-25,2797878,2
Rosalía Ángela Rivas Chaves,Universitario,Ahorro,Independiente,2021-08-18,5742920,1
Cayetano Costa Morillo,Incompleto,Ahorro,Independiente,2022-01-25,56118,3
Carla Evita Paniagua Guzman,Universitario,Corriente,Cesante,2023-05-26,6269421,3
Nidia Molins Cuéllar,Universitario,Corriente,Dependiente,2024-08-03,11767337,2
Sara Calleja-Checa,Incompleto,Corriente,Dependiente,2023-07-28,10502046,3
Dolores Benigna Seco Busquets,Universitario,Vista,Dependiente,2024-11-21,10302372,2
Reina Aguiló Saura,Incompleto,Ahorro,Dependiente,2021-12-08,11478089,4
Charo Baró Izquierdo,Universitario,Ahorro,Cesante,2023-09-05,14225168,1
Pío Iborra Blanca,Medio,Ahorro,Cesante,2021-09-09,11761109,4
Pepita Fajardo Pinilla,Medio,Vista,Independiente,2024-06-24,7791458,1
Segismundo Quesada Higueras,Universitario,Ahorro,Independiente,2021-03-10,8882372,1
Eladio Rocamora Cánovas,Medio,Corriente,Cesante,2024-05-16,14805804,4
Pacífica Sala Aliaga,Universitario,Corriente,Dependiente,2021-01-12,6894191,2
Maura Infante Carranza,Medio,Ahorro,Independiente,2021-04-27,7457219,3
Amalia Baquero Valenciano,Medio,Ahorro,Cesante,2022-10-17,5885426,1
Jose Ignacio Haro,Universitario,Ahorro,Dependiente,2023-07-27,11884990,2
Hector Larrea Herranz,Incompleto,Ahorro,Independiente,2023-04-21,12232112,1
Toni Alcaraz,Medio,Ahorro,Cesante,2021-02-20,11607121,2
Jonatan Juan Bautista Dalmau Benet,Medio,Vista,Dependiente,2021-03-17,8779168,2
Angelina Salom Gomis,Incompleto,Ahorro,Independiente,2024-01-29,10789189,2
Quique Salazar Pareja,Medio,Ahorro,Independiente,2021-04-15,7620751,3
Felicidad Rosa María Vilanova Manzano,Incompleto,Corriente,Independiente,2021-01-18,12221300,4
Roberto Jose Carlos Rojas Cañete,Medio,Vista,Cesante,2024-11-16,7632792,1
Marcos Pascual Almazán,Universitario,Ahorro,Cesante,2022-07-18,8850863,3
Camila Vergara Garrido,Incompleto,Vista,Cesante,2022-04-25,6753888,2
Santiago Manzano Asensio,Medio,Corriente,Dependiente,2024-11-14,1066613,2
Cintia Valdés,Universitario,Vista,Independiente,2021-12-30,14235233,3
Rosalía de Macías,Medio,Corriente,Independiente,2023-05-12,14477234,1
Carolina Noguera Lucas,Universitario,Corriente,Independiente,2021-05-05,7399479,2
Telmo Miralles-Mariscal,Incompleto,Ahorro,Cesante,2024-03-14,11090636,3
Cosme Ferrando Jerez,Incompleto,Corriente,Cesante,2023-12-12,5626830,1
Candelaria Ramona Bolaños Company,Incompleto,Corriente,Independiente,2021-09-14,13891544,2
Juan Bautista de Rivas,Incompleto,Ahorro,Independiente,2022-12-31,14593163,4
Olegario Patiño Lluch,Incompleto,Ahorro,Cesante,2022-02-02,5256651,1
Paloma Tomé-Daza,Universitario,Corriente,Independiente,2022-12-12,7040262,2
Cosme Arco Llorens,Universitario,Corriente,Cesante,2023-10-08,10231575,1
Soraya Vilanova-Carreño,Medio,Vista,Cesante,2021-03-18,3696747,2
Sol Enríquez Diaz,Incompleto,Vista,Independiente,2023-02-21,6148490,4
Germán Enríquez,Medio,Ahorro,Independiente,2021-07-29,6663477,3
Fabiola Perez-Osuna,Medio,Corriente,Dependiente,2023-11-30,3000906,4
Eustaquio Ponce Osuna,Universitario,Vista,Independiente,2024-09-19,4604950,4
Emma Espejo,Universitario,Vista,Cesante,2021-12-18,2097001,1
José Ángel del Acedo,Incompleto,Ahorro,Dependiente,2022-05-29,12119959,1
Eusebia Castrillo-Gisbert,Universitario,Ahorro,Cesante,2024-02-14,5086692,2
Hugo Busquets Riquelme,Universitario,Ahorro,Cesante,2023-08-17,10713636,4
Jorge Soler Feijoo,Incompleto,Ahorro,Dependiente,2022-04-28,4505329,1
Lourdes Cerdá Villalonga,Universitario,Corriente,Dependiente,2023-11-08,6872728,1
Ceferino Beltrán-Alvarado,Incompleto,Corriente,Dependiente,2022-04-25,9622403,4
Segismundo Montaña,Universitario,Ahorro,Independiente,2024-07-13,5043040,3
Chus Jover,Universitario,Ahorro,Dependiente,2022-02-21,7225690,1
Lorenza Cánovas Vendrell,Universitario,Vista,Dependiente,2023-06-06,3101443,2
Isaías Moreno Espada Fajardo,Medio,Ahorro,Dependiente,2024-10-01,6928881,2
Adela de Manzanares,Universitario,Ahorro,Independiente,2023-01-24,4336927,2
Jessica Ávila Ibáñez,Incompleto,Ahorro,Independiente,2022-01-02,5793586,3
Balduino Pera Zamorano,Incompleto,Ahorro,Cesante,2023-05-11,986041,3
Espiridión Cobos Sainz,Universitario,Corriente,Independiente,2024-05-07,1842020,4
Roque Miranda Olmo,Medio,Vista,Dependiente,2021-11-17,638017,4
Mireia Bermejo Rosales,Medio,Vista,Cesante,2021-06-19,3494644,3
Dolores del Lopez,Medio,Vista,Dependiente,2023-10-13,2318082,2
Jose Carlos de Gisbert,Incompleto,Corriente,Independiente,2021-04-02,6042868,4
Andrés Felipe de Caro,Medio,Ahorro,Independiente,2024-07-07,8927310,3
Amador del Aranda,Incompleto,Corriente,Dependiente,2023-08-17,6894748,3
Amando Abella-Tena,Universitario,Corriente,Cesante,2023-06-27,2277385,2
Georgina Tenorio Corominas,Incompleto,Ahorro,Dependiente,2021-04-20,2453032,2
Teodoro Cabrero,Universitario,Vista,Dependiente,2021-07-05,13896836,2
Tania del Morillo,Universitario,Vista,Independiente,2022-07-20,5081347,4
Apolinar Aguilera,Medio,Ahorro,Cesante,2021-05-02,11102580,4
Dorotea Cantón Barberá,Incompleto,Corriente,Cesante,2021-08-28,13339512,3
Cándido Esteban Ramirez Ariño,Medio,Vista,Independiente,2023-08-05,13704243,2
Julie Trillo Guerra,Incompleto,Vista,Independiente,2022-07-04,2417796,2
Julio Estrada Yuste,Universitario,Ahorro,Dependiente,2022-10-03,515592,3
Rosalinda Acosta-Acero,Medio,Corriente,Cesante,2023-04-27,10363500,2
Emiliana Pineda Luz,Medio,Vista,Dependiente,2021-08-17,8174794,3
Adelaida Bayo Duque,Universitario,Corriente,Independiente,2022-08-01,7036007,4
Basilio Navarro-Lumbreras,Universitario,Vista,Dependiente,2021-09-16,7175403,2
Marisa Oliva,Universitario,Vista,Independiente,2023-11-25,5574889,3
Samanta del Borja,Incompleto,Corriente,Cesante,2022-12-30,4023562,1
Marcos Maestre Bas,Incompleto,Ahorro,Dependiente,2023-01-31,3495986,4
Ignacio Romero Frutos,Incompleto,Corriente,Independiente,2024-10-31,1786799,1
Cayetano del Vallés,Medio,Corriente,Independiente,2022-02-24,12837410,2
Buenaventura Sáez-Aragón,Medio,Ahorro,Cesante,2023-02-04,6469626,1
Cruz Riera Carlos,Universitario,Corriente,Independiente,2023-01-07,8135970,1
Miguel Ángel Garcia-Santamaría,Incompleto,Corriente,Cesante,2024-01-03,9100211,1
Chus Crespi-Batlle,Incompleto,Ahorro,Cesante,2024-08-10,8485438,4
Martín Nacio Hoyos Camps,Incompleto,Corriente,Cesante,2021-08-04,8764394,2
Dalila Valera-Calderón,Medio,Vista,Independiente,2023-03-10,2872512,1
Miguela Agudo Carlos,Medio,Vista,Cesante,2021-03-09,4628560,4
Octavio de Mateu,Incompleto,Vista,Cesante,2021-09-26,2283585,3
Juliana Conesa-Pintor,Incompleto,Corriente,Dependiente,2023-04-01,4528344,2
Isaac Tirado Roman,Medio,Corriente,Dependiente,2024-04-17,5667895,3
Ernesto Espinosa Piña,Incompleto,Corriente,Independiente,2023-08-25,7326679,3
Jorge Morillo Bárcena,Medio,Ahorro,Independiente,2024-08-10,2286176,2
Corona Grau-Luján,Universitario,Vista,Cesante,2022-07-30,10206982,1
Ruben Espejo Haro,Medio,Vista,Independiente,2022-09-08,7108560,3
Adelina Domingo Soler,Medio,Vista,Dependiente,2022-03-01,13499878,2
Leocadio Salinas Amores,Medio,Ahorro,Independiente,2021-01-10,129939,2
Leandra Elorza Moya,Incompleto,Vista,Cesante,2023-12-26,10930445,2
África Godoy Morcillo,Incompleto,Vista,Cesante,2022-09-14,6451914,1
Ámbar Llorente Bas,Incompleto,Vista,Cesante,2023-05-03,14123208,4
Benjamín Guillen Company,Universitario,Ahorro,Cesante,2021-08-22,11043534,3
Buenaventura Parejo,Incompleto,Ahorro,Cesante,2024-11-08,424109,1
Esperanza Ferrándiz Cerdá,Medio,Corriente,Independiente,2023-07-04,5353692,2
José Hurtado Perales,Medio,Ahorro,Cesante,2022-10-30,3924881,3
Emma Galan,Incompleto,Ahorro,Independiente,2022-11-28,8105067,4
María José Pinedo Domingo,Incompleto,Corriente,Cesante,2023-10-07,11831249,3
Elba Olivé Codina,Medio,Corriente,Cesante,2024-03-06,980788,3
Mireia Ferrero Arrieta,Universitario,Ahorro,Cesante,2024-04-20,8060193,2
Edgardo Rodrigo,Incompleto,Vista,Cesante,2021-05-03,4843775,2
Florinda Graciana Conde Somoza,Universitario,Corriente,Independiente,2022-07-07,11538518,1
Lorenza Peláez Diaz,Universitario,Corriente,Dependiente,2022-12-04,5595409,3
Osvaldo del Ferrero,Medio,Vista,Independiente,2021-07-30,4198992,1
Ana Belén Sandoval Pozo,Incompleto,Corriente,Cesante,2021-06-21,8091914,4
Poncio Cantero Marí,Medio,Ahorro,Dependiente,2023-09-05,9392055,2
Paz Coello,Medio,Corriente,Dependiente,2023-01-16,271625,4
Valentina Arana,Incompleto,Vista,Independiente,2021-03-26,7034880,2
Jerónimo Puig-López,Universitario,Corriente,Cesante,2023-10-26,9846923,3
Marciano Rico Estrada,Incompleto,Ahorro,Dependiente,2024-11-02,2316615,3
Sarita Bilbao Mínguez,Incompleto,Ahorro,Independiente,2022-12-26,2602053,1
Reyna Milla Sedano,Universitario,Ahorro,Cesante,2021-01-04,13139618,2
Dolores Palma Campos,Medio,Vista,Dependiente,2022-04-10,10659165,3
Bonifacio Hervia,Universitario,Vista,Cesante,2021-09-18,13033140,1
Jose Ramón Quintero Lillo,Medio,Corriente,Dependiente,2024-04-02,11055442,3
Íñigo Serra-Sainz,Incompleto,Ahorro,Cesante,2022-05-14,9376111,3
Margarita Robledo-Cal,Medio,Ahorro,Dependiente,2022-11-07,14349367,2
Calista Barriga Planas,Universitario,Corriente,Cesante,2021-01-19,8965299,1
Espiridión Jiménez Cazorla,Incompleto,Vista,Independiente,2023-05-24,11740620,2
Dan de Rojas,Universitario,Corriente,Cesante,2021-08-04,12219768,2
Lupe Porras Padilla,Incompleto,Vista,Dependiente,2022-09-26,690011,3
Patricio Ropero Borrell,Medio,Corriente,Dependiente,2023-06-08,6128806,4
Amaro Solera Granados,Incompleto,Corriente,Dependiente,2022-09-05,1555218,3
Lisandro Cisneros Luque,Incompleto,Corriente,Dependiente,2024-02-19,6719103,4
María Luisa Esparza,Universitario,Vista,Cesante,2022-03-27,4696323,4
Otilia Hierro Olmo,Medio,Corriente,Cesante,2022-12-18,3177532,2
Adalberto Briones Guardiola,Medio,Vista,Independiente,2021-05-01,8317971,2
Buenaventura Herberto Landa Francisco,Medio,Corriente,Cesante,2022-11-27,8388573,3
Noemí Agustí-Narváez,Medio,Ahorro,Independiente,2022-09-28,66088,3
Jenny Solano Sureda,Universitario,Vista,Independiente,2021-05-01,13438944,4
Urbano Yuste Cózar,Medio,Vista,Independiente,2021-11-30,9379237,3
Rafa Santiago Talavera,Medio,Corriente,Independiente,2023-02-04,12866551,1
Teófilo Segura Iglesia,Medio,Corriente,Dependiente,2021-04-15,321647,2
Nidia Morell Sans,Medio,Vista,Independiente,2022-01-01,10353475,2
Jacobo Toni Castañeda Crespo,Medio,Ahorro,Independiente,2021-06-26,8646689,1
Miguela Agullo Caro,Medio,Vista,Dependiente,2024-06-03,8566717,3
Íngrid Canals,Incompleto,Vista,Independiente,2021-06-26,5947865,1
Roxana Carrera Baena,Medio,Vista,Cesante,2022-05-31,12025578,4
Ángela Puga,Universitario,Ahorro,Independiente,2023-03-09,4737836,4
Augusto Urbano Bárcena Samper,Incompleto,Vista,Independiente,2024-05-31,6520006,3
Cosme Heras Garmendia,Incompleto,Vista,Dependiente,2021-06-21,7332719,1
Wilfredo Comas Marín,Medio,Corriente,Cesante,2024-08-24,7633816,3
José María del Reguera,Incompleto,Vista,Dependiente,2023-05-21,494070,4
Felicia Ángel Valentín,Medio,Corriente,Dependiente,2024-02-11,12771454,2
Zoraida Escobar-Rodríguez,Medio,Vista,Independiente,2021-03-05,3155167,4
Valero Olivé León,Universitario,Vista,Independiente,2023-03-14,12987498,4
Merche Lorena Bilbao Alfonso,Medio,Vista,Dependiente,2023-03-22,11130197,3
Odalis Quintanilla Nogueira,Incompleto,Corriente,Cesante,2024-10-02,2914308,3
José Ángel Carreño Tudela,Universitario,Vista,Independiente,2023-11-17,12815055,3
Alcides Coello Iglesia,Incompleto,Ahorro,Cesante,2021-10-15,7729358,2
Ileana Lasa Bru,Medio,Vista,Independiente,2023-09-15,7075529,4
Lucila Aguado Suárez,Incompleto,Vista,Cesante,2023-02-14,12864681,2
Yaiza Ferrández Clavero,Incompleto,Vista,Cesante,2024-06-12,1422502,1
Jordán Cervera,Universitario,Corriente,Dependiente,2021-07-18,614106,1
Hermenegildo de Marí,Incompleto,Corriente,Cesante,2021-04-14,13217329,4
Victorino Jover,Universitario,Corriente,Dependiente,2023-10-08,7551703,3
Marciano Arteaga Bautista,Incompleto,Ahorro,Dependiente,2024-09-01,13609409,3
Vasco Manzanares Leiva,Medio,Ahorro,Independiente,2022-02-03,197870,2
Marcio Mata Merino,Universitario,Corriente,Independiente,2023-05-06,1241728,4
Jesús Pineda Guitart,Incompleto,Ahorro,Independiente,2024-10-03,7219011,2
Jimena del Diego,Medio,Ahorro,Cesante,2021-02-11,8009827,4
